facility,nurse_unit,census_date,staffed_beds,census,occupancy_pct
Lakeside Regional,LR 3W Med/Surg,2026-01-01,40,41,102.5
Lakeside Regional,LR 3W Med/Surg,2026-01-02,40,42,105.0
Lakeside Regional,LR 3W Med/Surg,2026-01-03,40,47,117.5
Lakeside Regional,LR 3W Med/Surg,2026-01-04,40,43,107.5
Lakeside Regional,LR 3W Med/Surg,2026-01-05,40,38,95.0
Lakeside Regional,LR 3W Med/Surg,2026-01-06,40,34,85.0
Lakeside Regional,LR 3W Med/Surg,2026-01-07,40,40,100.0
Lakeside Regional,LR 3W Med/Surg,2026-01-08,40,42,105.0
Lakeside Regional,LR 3W Med/Surg,2026-01-09,40,32,80.0
Lakeside Regional,LR 3W Med/Surg,2026-01-10,40,31,77.5
Lakeside Regional,LR 3W Med/Surg,2026-01-11,40,31,77.5
Lakeside Regional,LR 3W Med/Surg,2026-01-12,40,26,65.0
Lakeside Regional,LR 3W Med/Surg,2026-01-13,40,31,77.5
Lakeside Regional,LR 3W Med/Surg,2026-01-14,40,36,90.0
Lakeside Regional,LR 3W Med/Surg,2026-01-15,40,31,77.5
Lakeside Regional,LR 3W Med/Surg,2026-01-16,40,27,67.5
Lakeside Regional,LR 3W Med/Surg,2026-01-17,40,27,67.5
Lakeside Regional,LR 3W Med/Surg,2026-01-18,40,28,70.0
Lakeside Regional,LR 3W Med/Surg,2026-01-19,40,38,95.0
Lakeside Regional,LR 3W Med/Surg,2026-01-20,40,38,95.0
Lakeside Regional,LR 3W Med/Surg,2026-01-21,40,40,100.0
Lakeside Regional,LR 3W Med/Surg,2026-01-22,40,39,97.5
Lakeside Regional,LR 3W Med/Surg,2026-01-23,40,45,112.5
Lakeside Regional,LR 3W Med/Surg,2026-01-24,40,42,105.0
Lakeside Regional,LR 3W Med/Surg,2026-01-25,40,37,92.5
Lakeside Regional,LR 3W Med/Surg,2026-01-26,40,33,82.5
Lakeside Regional,LR 3W Med/Surg,2026-01-27,40,35,87.5
Lakeside Regional,LR 3W Med/Surg,2026-01-28,40,34,85.0
Lakeside Regional,LR 3W Med/Surg,2026-01-29,40,35,87.5
Lakeside Regional,LR 3W Med/Surg,2026-01-30,40,38,95.0
Lakeside Regional,LR 3W Med/Surg,2026-01-31,40,37,92.5
Lakeside Regional,LR 3W Med/Surg,2026-02-01,40,39,97.5
Lakeside Regional,LR 3W Med/Surg,2026-02-02,40,46,115.0
Lakeside Regional,LR 3W Med/Surg,2026-02-03,40,58,145.0
Lakeside Regional,LR 3W Med/Surg,2026-02-04,40,51,127.5
Lakeside Regional,LR 3W Med/Surg,2026-02-05,40,45,112.5
Lakeside Regional,LR 3W Med/Surg,2026-02-06,40,32,80.0
Lakeside Regional,LR 3W Med/Surg,2026-02-07,40,41,102.5
Lakeside Regional,LR 3W Med/Surg,2026-02-08,40,36,90.0
Lakeside Regional,LR 3W Med/Surg,2026-02-09,40,33,82.5
Lakeside Regional,LR 3W Med/Surg,2026-02-10,40,28,70.0
Lakeside Regional,LR 3W Med/Surg,2026-02-11,40,35,87.5
Lakeside Regional,LR 3W Med/Surg,2026-02-12,40,29,72.5
Lakeside Regional,LR 3W Med/Surg,2026-02-13,40,26,65.0
Lakeside Regional,LR 3W Med/Surg,2026-02-14,40,30,75.0
Lakeside Regional,LR 3W Med/Surg,2026-02-15,40,31,77.5
Lakeside Regional,LR 3W Med/Surg,2026-02-16,40,32,80.0
Lakeside Regional,LR 3W Med/Surg,2026-02-17,40,31,77.5
Lakeside Regional,LR 3W Med/Surg,2026-02-18,40,36,90.0
Lakeside Regional,LR 3W Med/Surg,2026-02-19,40,34,85.0
Lakeside Regional,LR 3W Med/Surg,2026-02-20,40,32,80.0
Lakeside Regional,LR 3W Med/Surg,2026-02-21,40,36,90.0
Lakeside Regional,LR 3W Med/Surg,2026-02-22,40,35,87.5
Lakeside Regional,LR 3W Med/Surg,2026-02-23,40,36,90.0
Lakeside Regional,LR 3W Med/Surg,2026-02-24,40,41,102.5
Lakeside Regional,LR 3W Med/Surg,2026-02-25,40,43,107.5
Lakeside Regional,LR 3W Med/Surg,2026-02-26,40,38,95.0
Lakeside Regional,LR 3W Med/Surg,2026-02-27,40,36,90.0
Lakeside Regional,LR 3W Med/Surg,2026-02-28,40,37,92.5
Lakeside Regional,LR 3W Med/Surg,2026-03-01,40,34,85.0
Lakeside Regional,LR 3W Med/Surg,2026-03-02,40,27,67.5
Lakeside Regional,LR 3W Med/Surg,2026-03-03,40,38,95.0
Lakeside Regional,LR 3W Med/Surg,2026-03-04,40,39,97.5
Lakeside Regional,LR 3W Med/Surg,2026-03-05,40,36,90.0
Lakeside Regional,LR 3W Med/Surg,2026-03-06,40,34,85.0
Lakeside Regional,LR 3W Med/Surg,2026-03-07,40,33,82.5
Lakeside Regional,LR 3W Med/Surg,2026-03-08,40,32,80.0
Lakeside Regional,LR 3W Med/Surg,2026-03-09,40,27,67.5
Lakeside Regional,LR 3W Med/Surg,2026-03-10,40,32,80.0
Lakeside Regional,LR 3W Med/Surg,2026-03-11,40,31,77.5
Lakeside Regional,LR 3W Med/Surg,2026-03-12,40,33,82.5
Lakeside Regional,LR 3W Med/Surg,2026-03-13,40,30,75.0
Lakeside Regional,LR 3W Med/Surg,2026-03-14,40,36,90.0
Lakeside Regional,LR 3W Med/Surg,2026-03-15,40,41,102.5
Lakeside Regional,LR 3W Med/Surg,2026-03-16,40,31,77.5
Lakeside Regional,LR 3W Med/Surg,2026-03-17,40,39,97.5
Lakeside Regional,LR 3W Med/Surg,2026-03-18,40,29,72.5
Lakeside Regional,LR 3W Med/Surg,2026-03-19,40,38,95.0
Lakeside Regional,LR 3W Med/Surg,2026-03-20,40,44,110.0
Lakeside Regional,LR 3W Med/Surg,2026-03-21,40,37,92.5
Lakeside Regional,LR 3W Med/Surg,2026-03-22,40,40,100.0
Lakeside Regional,LR 3W Med/Surg,2026-03-23,40,38,95.0
Lakeside Regional,LR 3W Med/Surg,2026-03-24,40,37,92.5
Lakeside Regional,LR 3W Med/Surg,2026-03-25,40,31,77.5
Lakeside Regional,LR 3W Med/Surg,2026-03-26,40,31,77.5
Lakeside Regional,LR 3W Med/Surg,2026-03-27,40,35,87.5
Lakeside Regional,LR 3W Med/Surg,2026-03-28,40,42,105.0
Lakeside Regional,LR 3W Med/Surg,2026-03-29,40,39,97.5
Lakeside Regional,LR 3W Med/Surg,2026-03-30,40,43,107.5
Lakeside Regional,LR 3W Med/Surg,2026-03-31,40,44,110.0
Lakeside Regional,LR 3W Med/Surg,2026-04-01,40,38,95.0
Lakeside Regional,LR 3W Med/Surg,2026-04-02,40,38,95.0
Lakeside Regional,LR 3W Med/Surg,2026-04-03,40,52,130.0
Lakeside Regional,LR 3W Med/Surg,2026-04-04,40,40,100.0
Lakeside Regional,LR 3W Med/Surg,2026-04-05,40,37,92.5
Lakeside Regional,LR 3W Med/Surg,2026-04-06,40,34,85.0
Lakeside Regional,LR 3W Med/Surg,2026-04-07,40,34,85.0
Lakeside Regional,LR 3W Med/Surg,2026-04-08,40,36,90.0
Lakeside Regional,LR 3W Med/Surg,2026-04-09,40,33,82.5
Lakeside Regional,LR 3W Med/Surg,2026-04-10,40,37,92.5
Lakeside Regional,LR 3W Med/Surg,2026-04-11,40,37,92.5
Lakeside Regional,LR 3W Med/Surg,2026-04-12,40,37,92.5
Lakeside Regional,LR 3W Med/Surg,2026-04-13,40,36,90.0
Lakeside Regional,LR 3W Med/Surg,2026-04-14,40,32,80.0
Lakeside Regional,LR 3W Med/Surg,2026-04-15,40,28,70.0
Lakeside Regional,LR 3W Med/Surg,2026-04-16,40,33,82.5
Lakeside Regional,LR 3W Med/Surg,2026-04-17,40,34,85.0
Lakeside Regional,LR 3W Med/Surg,2026-04-18,40,43,107.5
Lakeside Regional,LR 3W Med/Surg,2026-04-19,40,42,105.0
Lakeside Regional,LR 3W Med/Surg,2026-04-20,40,43,107.5
Lakeside Regional,LR 3W Med/Surg,2026-04-21,40,32,80.0
Lakeside Regional,LR 3W Med/Surg,2026-04-22,40,32,80.0
Lakeside Regional,LR 3W Med/Surg,2026-04-23,40,36,90.0
Lakeside Regional,LR 3W Med/Surg,2026-04-24,40,35,87.5
Lakeside Regional,LR 3W Med/Surg,2026-04-25,40,30,75.0
Lakeside Regional,LR 3W Med/Surg,2026-04-26,40,33,82.5
Lakeside Regional,LR 3W Med/Surg,2026-04-27,40,35,87.5
Lakeside Regional,LR 3W Med/Surg,2026-04-28,40,47,117.5
Lakeside Regional,LR 3W Med/Surg,2026-04-29,40,48,120.0
Lakeside Regional,LR 3W Med/Surg,2026-04-30,40,44,110.0
Lakeside Regional,LR 3W Med/Surg,2026-05-01,40,40,100.0
Lakeside Regional,LR 3W Med/Surg,2026-05-02,40,44,110.0
Lakeside Regional,LR 3W Med/Surg,2026-05-03,40,48,120.0
Lakeside Regional,LR 3W Med/Surg,2026-05-04,40,44,110.0
Lakeside Regional,LR 3W Med/Surg,2026-05-05,40,41,102.5
Lakeside Regional,LR 3W Med/Surg,2026-05-06,40,36,90.0
Lakeside Regional,LR 3W Med/Surg,2026-05-07,40,40,100.0
Lakeside Regional,LR 3W Med/Surg,2026-05-08,40,42,105.0
Lakeside Regional,LR 3W Med/Surg,2026-05-09,40,43,107.5
Lakeside Regional,LR 3W Med/Surg,2026-05-10,40,48,120.0
Lakeside Regional,LR 3W Med/Surg,2026-05-11,40,41,102.5
Lakeside Regional,LR 3W Med/Surg,2026-05-12,40,32,80.0
Lakeside Regional,LR 3W Med/Surg,2026-05-13,40,36,90.0
Lakeside Regional,LR 3W Med/Surg,2026-05-14,40,39,97.5
Lakeside Regional,LR 3W Med/Surg,2026-05-15,40,40,100.0
Lakeside Regional,LR 3W Med/Surg,2026-05-16,40,39,97.5
Lakeside Regional,LR 3W Med/Surg,2026-05-17,40,47,117.5
Lakeside Regional,LR 3W Med/Surg,2026-05-18,40,43,107.5
Lakeside Regional,LR 3W Med/Surg,2026-05-19,40,41,102.5
Lakeside Regional,LR 3W Med/Surg,2026-05-20,40,39,97.5
Lakeside Regional,LR 3W Med/Surg,2026-05-21,40,37,92.5
Lakeside Regional,LR 3W Med/Surg,2026-05-22,40,39,97.5
Lakeside Regional,LR 3W Med/Surg,2026-05-23,40,49,122.5
Lakeside Regional,LR 3W Med/Surg,2026-05-24,40,47,117.5
Lakeside Regional,LR 3W Med/Surg,2026-05-25,40,42,105.0
Lakeside Regional,LR 3W Med/Surg,2026-05-26,40,37,92.5
Lakeside Regional,LR 3W Med/Surg,2026-05-27,40,32,80.0
Lakeside Regional,LR 3W Med/Surg,2026-05-28,40,41,102.5
Lakeside Regional,LR 3W Med/Surg,2026-05-29,40,33,82.5
Lakeside Regional,LR 3W Med/Surg,2026-05-30,40,29,72.5
Lakeside Regional,LR 3W Med/Surg,2026-05-31,40,38,95.0
Lakeside Regional,LR 3W Med/Surg,2026-06-01,40,46,115.0
Lakeside Regional,LR 3W Med/Surg,2026-06-02,40,41,102.5
Lakeside Regional,LR 3W Med/Surg,2026-06-03,40,47,117.5
Lakeside Regional,LR 3W Med/Surg,2026-06-04,40,50,125.0
Lakeside Regional,LR 3W Med/Surg,2026-06-05,40,52,130.0
Lakeside Regional,LR 3W Med/Surg,2026-06-06,40,46,115.0
Lakeside Regional,LR 3W Med/Surg,2026-06-07,40,43,107.5
Lakeside Regional,LR 3W Med/Surg,2026-06-08,40,40,100.0
Lakeside Regional,LR 3W Med/Surg,2026-06-09,40,36,90.0
Lakeside Regional,LR 3W Med/Surg,2026-06-10,40,54,135.0
Lakeside Regional,LR 3W Med/Surg,2026-06-11,40,58,145.0
Lakeside Regional,LR 3W Med/Surg,2026-06-12,40,61,152.5
Lakeside Regional,LR 3W Med/Surg,2026-06-13,40,53,132.5
Lakeside Regional,LR 3W Med/Surg,2026-06-14,40,39,97.5
Lakeside Regional,LR 3W Med/Surg,2026-06-15,40,40,100.0
Lakeside Regional,LR 3W Med/Surg,2026-06-16,40,48,120.0
Lakeside Regional,LR 3W Med/Surg,2026-06-17,40,45,112.5
Lakeside Regional,LR 3W Med/Surg,2026-06-18,40,46,115.0
Lakeside Regional,LR 3W Med/Surg,2026-06-19,40,45,112.5
Lakeside Regional,LR 3W Med/Surg,2026-06-20,40,40,100.0
Lakeside Regional,LR 3W Med/Surg,2026-06-21,40,43,107.5
Lakeside Regional,LR 3W Med/Surg,2026-06-22,40,49,122.5
Lakeside Regional,LR 3W Med/Surg,2026-06-23,40,41,102.5
Lakeside Regional,LR 3W Med/Surg,2026-06-24,40,44,110.0
Lakeside Regional,LR 3W Med/Surg,2026-06-25,40,36,90.0
Lakeside Regional,LR 3W Med/Surg,2026-06-26,40,36,90.0
Lakeside Regional,LR 3W Med/Surg,2026-06-27,40,38,95.0
Lakeside Regional,LR 3W Med/Surg,2026-06-28,40,45,112.5
Lakeside Regional,LR 3W Med/Surg,2026-06-29,40,46,115.0
Lakeside Regional,LR 3W Med/Surg,2026-06-30,40,41,102.5
Lakeside Regional,LR 4E Telemetry,2026-01-01,20,11,55.0
Lakeside Regional,LR 4E Telemetry,2026-01-02,20,11,55.0
Lakeside Regional,LR 4E Telemetry,2026-01-03,20,13,65.0
Lakeside Regional,LR 4E Telemetry,2026-01-04,20,17,85.0
Lakeside Regional,LR 4E Telemetry,2026-01-05,20,19,95.0
Lakeside Regional,LR 4E Telemetry,2026-01-06,20,22,110.0
Lakeside Regional,LR 4E Telemetry,2026-01-07,20,22,110.0
Lakeside Regional,LR 4E Telemetry,2026-01-08,20,19,95.0
Lakeside Regional,LR 4E Telemetry,2026-01-09,20,22,110.0
Lakeside Regional,LR 4E Telemetry,2026-01-10,20,21,105.0
Lakeside Regional,LR 4E Telemetry,2026-01-11,20,17,85.0
Lakeside Regional,LR 4E Telemetry,2026-01-12,20,18,90.0
Lakeside Regional,LR 4E Telemetry,2026-01-13,20,17,85.0
Lakeside Regional,LR 4E Telemetry,2026-01-14,20,13,65.0
Lakeside Regional,LR 4E Telemetry,2026-01-15,20,13,65.0
Lakeside Regional,LR 4E Telemetry,2026-01-16,20,10,50.0
Lakeside Regional,LR 4E Telemetry,2026-01-17,20,13,65.0
Lakeside Regional,LR 4E Telemetry,2026-01-18,20,19,95.0
Lakeside Regional,LR 4E Telemetry,2026-01-19,20,19,95.0
Lakeside Regional,LR 4E Telemetry,2026-01-20,20,18,90.0
Lakeside Regional,LR 4E Telemetry,2026-01-21,20,14,70.0
Lakeside Regional,LR 4E Telemetry,2026-01-22,20,18,90.0
Lakeside Regional,LR 4E Telemetry,2026-01-23,20,19,95.0
Lakeside Regional,LR 4E Telemetry,2026-01-24,20,17,85.0
Lakeside Regional,LR 4E Telemetry,2026-01-25,20,14,70.0
Lakeside Regional,LR 4E Telemetry,2026-01-26,20,19,95.0
Lakeside Regional,LR 4E Telemetry,2026-01-27,20,16,80.0
Lakeside Regional,LR 4E Telemetry,2026-01-28,20,26,130.0
Lakeside Regional,LR 4E Telemetry,2026-01-29,20,18,90.0
Lakeside Regional,LR 4E Telemetry,2026-01-30,20,16,80.0
Lakeside Regional,LR 4E Telemetry,2026-01-31,20,16,80.0
Lakeside Regional,LR 4E Telemetry,2026-02-01,20,16,80.0
Lakeside Regional,LR 4E Telemetry,2026-02-02,20,16,80.0
Lakeside Regional,LR 4E Telemetry,2026-02-03,20,23,115.0
Lakeside Regional,LR 4E Telemetry,2026-02-04,20,26,130.0
Lakeside Regional,LR 4E Telemetry,2026-02-05,20,21,105.0
Lakeside Regional,LR 4E Telemetry,2026-02-06,20,22,110.0
Lakeside Regional,LR 4E Telemetry,2026-02-07,20,20,100.0
Lakeside Regional,LR 4E Telemetry,2026-02-08,20,21,105.0
Lakeside Regional,LR 4E Telemetry,2026-02-09,20,22,110.0
Lakeside Regional,LR 4E Telemetry,2026-02-10,20,21,105.0
Lakeside Regional,LR 4E Telemetry,2026-02-11,20,20,100.0
Lakeside Regional,LR 4E Telemetry,2026-02-12,20,25,125.0
Lakeside Regional,LR 4E Telemetry,2026-02-13,20,20,100.0
Lakeside Regional,LR 4E Telemetry,2026-02-14,20,18,90.0
Lakeside Regional,LR 4E Telemetry,2026-02-15,20,23,115.0
Lakeside Regional,LR 4E Telemetry,2026-02-16,20,22,110.0
Lakeside Regional,LR 4E Telemetry,2026-02-17,20,20,100.0
Lakeside Regional,LR 4E Telemetry,2026-02-18,20,17,85.0
Lakeside Regional,LR 4E Telemetry,2026-02-19,20,15,75.0
Lakeside Regional,LR 4E Telemetry,2026-02-20,20,15,75.0
Lakeside Regional,LR 4E Telemetry,2026-02-21,20,9,45.0
Lakeside Regional,LR 4E Telemetry,2026-02-22,20,16,80.0
Lakeside Regional,LR 4E Telemetry,2026-02-23,20,17,85.0
Lakeside Regional,LR 4E Telemetry,2026-02-24,20,19,95.0
Lakeside Regional,LR 4E Telemetry,2026-02-25,20,20,100.0
Lakeside Regional,LR 4E Telemetry,2026-02-26,20,16,80.0
Lakeside Regional,LR 4E Telemetry,2026-02-27,20,19,95.0
Lakeside Regional,LR 4E Telemetry,2026-02-28,20,18,90.0
Lakeside Regional,LR 4E Telemetry,2026-03-01,20,17,85.0
Lakeside Regional,LR 4E Telemetry,2026-03-02,20,19,95.0
Lakeside Regional,LR 4E Telemetry,2026-03-03,20,11,55.0
Lakeside Regional,LR 4E Telemetry,2026-03-04,20,11,55.0
Lakeside Regional,LR 4E Telemetry,2026-03-05,20,18,90.0
Lakeside Regional,LR 4E Telemetry,2026-03-06,20,21,105.0
Lakeside Regional,LR 4E Telemetry,2026-03-07,20,25,125.0
Lakeside Regional,LR 4E Telemetry,2026-03-08,20,25,125.0
Lakeside Regional,LR 4E Telemetry,2026-03-09,20,23,115.0
Lakeside Regional,LR 4E Telemetry,2026-03-10,20,22,110.0
Lakeside Regional,LR 4E Telemetry,2026-03-11,20,22,110.0
Lakeside Regional,LR 4E Telemetry,2026-03-12,20,20,100.0
Lakeside Regional,LR 4E Telemetry,2026-03-13,20,12,60.0
Lakeside Regional,LR 4E Telemetry,2026-03-14,20,14,70.0
Lakeside Regional,LR 4E Telemetry,2026-03-15,20,14,70.0
Lakeside Regional,LR 4E Telemetry,2026-03-16,20,14,70.0
Lakeside Regional,LR 4E Telemetry,2026-03-17,20,13,65.0
Lakeside Regional,LR 4E Telemetry,2026-03-18,20,18,90.0
Lakeside Regional,LR 4E Telemetry,2026-03-19,20,21,105.0
Lakeside Regional,LR 4E Telemetry,2026-03-20,20,22,110.0
Lakeside Regional,LR 4E Telemetry,2026-03-21,20,24,120.0
Lakeside Regional,LR 4E Telemetry,2026-03-22,20,22,110.0
Lakeside Regional,LR 4E Telemetry,2026-03-23,20,20,100.0
Lakeside Regional,LR 4E Telemetry,2026-03-24,20,16,80.0
Lakeside Regional,LR 4E Telemetry,2026-03-25,20,19,95.0
Lakeside Regional,LR 4E Telemetry,2026-03-26,20,18,90.0
Lakeside Regional,LR 4E Telemetry,2026-03-27,20,17,85.0
Lakeside Regional,LR 4E Telemetry,2026-03-28,20,14,70.0
Lakeside Regional,LR 4E Telemetry,2026-03-29,20,19,95.0
Lakeside Regional,LR 4E Telemetry,2026-03-30,20,22,110.0
Lakeside Regional,LR 4E Telemetry,2026-03-31,20,25,125.0
Lakeside Regional,LR 4E Telemetry,2026-04-01,20,24,120.0
Lakeside Regional,LR 4E Telemetry,2026-04-02,20,20,100.0
Lakeside Regional,LR 4E Telemetry,2026-04-03,20,20,100.0
Lakeside Regional,LR 4E Telemetry,2026-04-04,20,26,130.0
Lakeside Regional,LR 4E Telemetry,2026-04-05,20,23,115.0
Lakeside Regional,LR 4E Telemetry,2026-04-06,20,27,135.0
Lakeside Regional,LR 4E Telemetry,2026-04-07,20,23,115.0
Lakeside Regional,LR 4E Telemetry,2026-04-08,20,17,85.0
Lakeside Regional,LR 4E Telemetry,2026-04-09,20,22,110.0
Lakeside Regional,LR 4E Telemetry,2026-04-10,20,14,70.0
Lakeside Regional,LR 4E Telemetry,2026-04-11,20,15,75.0
Lakeside Regional,LR 4E Telemetry,2026-04-12,20,16,80.0
Lakeside Regional,LR 4E Telemetry,2026-04-13,20,13,65.0
Lakeside Regional,LR 4E Telemetry,2026-04-14,20,12,60.0
Lakeside Regional,LR 4E Telemetry,2026-04-15,20,8,40.0
Lakeside Regional,LR 4E Telemetry,2026-04-16,20,9,45.0
Lakeside Regional,LR 4E Telemetry,2026-04-17,20,10,50.0
Lakeside Regional,LR 4E Telemetry,2026-04-18,20,18,90.0
Lakeside Regional,LR 4E Telemetry,2026-04-19,20,21,105.0
Lakeside Regional,LR 4E Telemetry,2026-04-20,20,22,110.0
Lakeside Regional,LR 4E Telemetry,2026-04-21,20,22,110.0
Lakeside Regional,LR 4E Telemetry,2026-04-22,20,23,115.0
Lakeside Regional,LR 4E Telemetry,2026-04-23,20,17,85.0
Lakeside Regional,LR 4E Telemetry,2026-04-24,20,16,80.0
Lakeside Regional,LR 4E Telemetry,2026-04-25,20,19,95.0
Lakeside Regional,LR 4E Telemetry,2026-04-26,20,15,75.0
Lakeside Regional,LR 4E Telemetry,2026-04-27,20,15,75.0
Lakeside Regional,LR 4E Telemetry,2026-04-28,20,23,115.0
Lakeside Regional,LR 4E Telemetry,2026-04-29,20,23,115.0
Lakeside Regional,LR 4E Telemetry,2026-04-30,20,25,125.0
Lakeside Regional,LR 4E Telemetry,2026-05-01,20,29,145.0
Lakeside Regional,LR 4E Telemetry,2026-05-02,20,29,145.0
Lakeside Regional,LR 4E Telemetry,2026-05-03,20,25,125.0
Lakeside Regional,LR 4E Telemetry,2026-05-04,20,21,105.0
Lakeside Regional,LR 4E Telemetry,2026-05-05,20,26,130.0
Lakeside Regional,LR 4E Telemetry,2026-05-06,20,26,130.0
Lakeside Regional,LR 4E Telemetry,2026-05-07,20,19,95.0
Lakeside Regional,LR 4E Telemetry,2026-05-08,20,16,80.0
Lakeside Regional,LR 4E Telemetry,2026-05-09,20,15,75.0
Lakeside Regional,LR 4E Telemetry,2026-05-10,20,11,55.0
Lakeside Regional,LR 4E Telemetry,2026-05-11,20,10,50.0
Lakeside Regional,LR 4E Telemetry,2026-05-12,20,10,50.0
Lakeside Regional,LR 4E Telemetry,2026-05-13,20,16,80.0
Lakeside Regional,LR 4E Telemetry,2026-05-14,20,13,65.0
Lakeside Regional,LR 4E Telemetry,2026-05-15,20,10,50.0
Lakeside Regional,LR 4E Telemetry,2026-05-16,20,11,55.0
Lakeside Regional,LR 4E Telemetry,2026-05-17,20,12,60.0
Lakeside Regional,LR 4E Telemetry,2026-05-18,20,18,90.0
Lakeside Regional,LR 4E Telemetry,2026-05-19,20,18,90.0
Lakeside Regional,LR 4E Telemetry,2026-05-20,20,17,85.0
Lakeside Regional,LR 4E Telemetry,2026-05-21,20,18,90.0
Lakeside Regional,LR 4E Telemetry,2026-05-22,20,24,120.0
Lakeside Regional,LR 4E Telemetry,2026-05-23,20,23,115.0
Lakeside Regional,LR 4E Telemetry,2026-05-24,20,26,130.0
Lakeside Regional,LR 4E Telemetry,2026-05-25,20,27,135.0
Lakeside Regional,LR 4E Telemetry,2026-05-26,20,22,110.0
Lakeside Regional,LR 4E Telemetry,2026-05-27,20,25,125.0
Lakeside Regional,LR 4E Telemetry,2026-05-28,20,20,100.0
Lakeside Regional,LR 4E Telemetry,2026-05-29,20,23,115.0
Lakeside Regional,LR 4E Telemetry,2026-05-30,20,23,115.0
Lakeside Regional,LR 4E Telemetry,2026-05-31,20,26,130.0
Lakeside Regional,LR 4E Telemetry,2026-06-01,20,27,135.0
Lakeside Regional,LR 4E Telemetry,2026-06-02,20,22,110.0
Lakeside Regional,LR 4E Telemetry,2026-06-03,20,16,80.0
Lakeside Regional,LR 4E Telemetry,2026-06-04,20,18,90.0
Lakeside Regional,LR 4E Telemetry,2026-06-05,20,17,85.0
Lakeside Regional,LR 4E Telemetry,2026-06-06,20,15,75.0
Lakeside Regional,LR 4E Telemetry,2026-06-07,20,9,45.0
Lakeside Regional,LR 4E Telemetry,2026-06-08,20,11,55.0
Lakeside Regional,LR 4E Telemetry,2026-06-09,20,14,70.0
Lakeside Regional,LR 4E Telemetry,2026-06-10,20,17,85.0
Lakeside Regional,LR 4E Telemetry,2026-06-11,20,14,70.0
Lakeside Regional,LR 4E Telemetry,2026-06-12,20,14,70.0
Lakeside Regional,LR 4E Telemetry,2026-06-13,20,14,70.0
Lakeside Regional,LR 4E Telemetry,2026-06-14,20,19,95.0
Lakeside Regional,LR 4E Telemetry,2026-06-15,20,17,85.0
Lakeside Regional,LR 4E Telemetry,2026-06-16,20,12,60.0
Lakeside Regional,LR 4E Telemetry,2026-06-17,20,11,55.0
Lakeside Regional,LR 4E Telemetry,2026-06-18,20,19,95.0
Lakeside Regional,LR 4E Telemetry,2026-06-19,20,19,95.0
Lakeside Regional,LR 4E Telemetry,2026-06-20,20,19,95.0
Lakeside Regional,LR 4E Telemetry,2026-06-21,20,21,105.0
Lakeside Regional,LR 4E Telemetry,2026-06-22,20,22,110.0
Lakeside Regional,LR 4E Telemetry,2026-06-23,20,22,110.0
Lakeside Regional,LR 4E Telemetry,2026-06-24,20,27,135.0
Lakeside Regional,LR 4E Telemetry,2026-06-25,20,32,160.0
Lakeside Regional,LR 4E Telemetry,2026-06-26,20,25,125.0
Lakeside Regional,LR 4E Telemetry,2026-06-27,20,24,120.0
Lakeside Regional,LR 4E Telemetry,2026-06-28,20,21,105.0
Lakeside Regional,LR 4E Telemetry,2026-06-29,20,19,95.0
Lakeside Regional,LR 4E Telemetry,2026-06-30,20,17,85.0
Lakeside Regional,LR ICU,2026-01-01,10,5,50.0
Lakeside Regional,LR ICU,2026-01-02,10,5,50.0
Lakeside Regional,LR ICU,2026-01-03,10,4,40.0
Lakeside Regional,LR ICU,2026-01-04,10,6,60.0
Lakeside Regional,LR ICU,2026-01-05,10,5,50.0
Lakeside Regional,LR ICU,2026-01-06,10,8,80.0
Lakeside Regional,LR ICU,2026-01-07,10,5,50.0
Lakeside Regional,LR ICU,2026-01-08,10,6,60.0
Lakeside Regional,LR ICU,2026-01-09,10,9,90.0
Lakeside Regional,LR ICU,2026-01-10,10,10,100.0
Lakeside Regional,LR ICU,2026-01-11,10,9,90.0
Lakeside Regional,LR ICU,2026-01-12,10,11,110.0
Lakeside Regional,LR ICU,2026-01-13,10,9,90.0
Lakeside Regional,LR ICU,2026-01-14,10,11,110.0
Lakeside Regional,LR ICU,2026-01-15,10,13,130.0
Lakeside Regional,LR ICU,2026-01-16,10,9,90.0
Lakeside Regional,LR ICU,2026-01-17,10,12,120.0
Lakeside Regional,LR ICU,2026-01-18,10,12,120.0
Lakeside Regional,LR ICU,2026-01-19,10,9,90.0
Lakeside Regional,LR ICU,2026-01-20,10,11,110.0
Lakeside Regional,LR ICU,2026-01-21,10,14,140.0
Lakeside Regional,LR ICU,2026-01-22,10,12,120.0
Lakeside Regional,LR ICU,2026-01-23,10,8,80.0
Lakeside Regional,LR ICU,2026-01-24,10,6,60.0
Lakeside Regional,LR ICU,2026-01-25,10,9,90.0
Lakeside Regional,LR ICU,2026-01-26,10,9,90.0
Lakeside Regional,LR ICU,2026-01-27,10,10,100.0
Lakeside Regional,LR ICU,2026-01-28,10,15,150.0
Lakeside Regional,LR ICU,2026-01-29,10,15,150.0
Lakeside Regional,LR ICU,2026-01-30,10,13,130.0
Lakeside Regional,LR ICU,2026-01-31,10,14,140.0
Lakeside Regional,LR ICU,2026-02-01,10,12,120.0
Lakeside Regional,LR ICU,2026-02-02,10,12,120.0
Lakeside Regional,LR ICU,2026-02-03,10,9,90.0
Lakeside Regional,LR ICU,2026-02-04,10,10,100.0
Lakeside Regional,LR ICU,2026-02-05,10,8,80.0
Lakeside Regional,LR ICU,2026-02-06,10,9,90.0
Lakeside Regional,LR ICU,2026-02-07,10,6,60.0
Lakeside Regional,LR ICU,2026-02-08,10,8,80.0
Lakeside Regional,LR ICU,2026-02-09,10,8,80.0
Lakeside Regional,LR ICU,2026-02-10,10,10,100.0
Lakeside Regional,LR ICU,2026-02-11,10,8,80.0
Lakeside Regional,LR ICU,2026-02-12,10,7,70.0
Lakeside Regional,LR ICU,2026-02-13,10,4,40.0
Lakeside Regional,LR ICU,2026-02-14,10,3,30.0
Lakeside Regional,LR ICU,2026-02-15,10,3,30.0
Lakeside Regional,LR ICU,2026-02-16,10,6,60.0
Lakeside Regional,LR ICU,2026-02-17,10,5,50.0
Lakeside Regional,LR ICU,2026-02-18,10,5,50.0
Lakeside Regional,LR ICU,2026-02-19,10,12,120.0
Lakeside Regional,LR ICU,2026-02-20,10,13,130.0
Lakeside Regional,LR ICU,2026-02-21,10,11,110.0
Lakeside Regional,LR ICU,2026-02-22,10,11,110.0
Lakeside Regional,LR ICU,2026-02-23,10,10,100.0
Lakeside Regional,LR ICU,2026-02-24,10,11,110.0
Lakeside Regional,LR ICU,2026-02-25,10,8,80.0
Lakeside Regional,LR ICU,2026-02-26,10,7,70.0
Lakeside Regional,LR ICU,2026-02-27,10,8,80.0
Lakeside Regional,LR ICU,2026-02-28,10,14,140.0
Lakeside Regional,LR ICU,2026-03-01,10,12,120.0
Lakeside Regional,LR ICU,2026-03-02,10,13,130.0
Lakeside Regional,LR ICU,2026-03-03,10,9,90.0
Lakeside Regional,LR ICU,2026-03-04,10,9,90.0
Lakeside Regional,LR ICU,2026-03-05,10,6,60.0
Lakeside Regional,LR ICU,2026-03-06,10,4,40.0
Lakeside Regional,LR ICU,2026-03-07,10,6,60.0
Lakeside Regional,LR ICU,2026-03-08,10,8,80.0
Lakeside Regional,LR ICU,2026-03-09,10,11,110.0
Lakeside Regional,LR ICU,2026-03-10,10,10,100.0
Lakeside Regional,LR ICU,2026-03-11,10,12,120.0
Lakeside Regional,LR ICU,2026-03-12,10,10,100.0
Lakeside Regional,LR ICU,2026-03-13,10,9,90.0
Lakeside Regional,LR ICU,2026-03-14,10,9,90.0
Lakeside Regional,LR ICU,2026-03-15,10,7,70.0
Lakeside Regional,LR ICU,2026-03-16,10,5,50.0
Lakeside Regional,LR ICU,2026-03-17,10,8,80.0
Lakeside Regional,LR ICU,2026-03-18,10,9,90.0
Lakeside Regional,LR ICU,2026-03-19,10,6,60.0
Lakeside Regional,LR ICU,2026-03-20,10,6,60.0
Lakeside Regional,LR ICU,2026-03-21,10,5,50.0
Lakeside Regional,LR ICU,2026-03-22,10,6,60.0
Lakeside Regional,LR ICU,2026-03-23,10,7,70.0
Lakeside Regional,LR ICU,2026-03-24,10,12,120.0
Lakeside Regional,LR ICU,2026-03-25,10,14,140.0
Lakeside Regional,LR ICU,2026-03-26,10,14,140.0
Lakeside Regional,LR ICU,2026-03-27,10,19,190.0
Lakeside Regional,LR ICU,2026-03-28,10,18,180.0
Lakeside Regional,LR ICU,2026-03-29,10,17,170.0
Lakeside Regional,LR ICU,2026-03-30,10,13,130.0
Lakeside Regional,LR ICU,2026-03-31,10,10,100.0
Lakeside Regional,LR ICU,2026-04-01,10,9,90.0
Lakeside Regional,LR ICU,2026-04-02,10,11,110.0
Lakeside Regional,LR ICU,2026-04-03,10,8,80.0
Lakeside Regional,LR ICU,2026-04-04,10,6,60.0
Lakeside Regional,LR ICU,2026-04-05,10,5,50.0
Lakeside Regional,LR ICU,2026-04-06,10,5,50.0
Lakeside Regional,LR ICU,2026-04-07,10,3,30.0
Lakeside Regional,LR ICU,2026-04-08,10,3,30.0
Lakeside Regional,LR ICU,2026-04-09,10,7,70.0
Lakeside Regional,LR ICU,2026-04-10,10,9,90.0
Lakeside Regional,LR ICU,2026-04-11,10,9,90.0
Lakeside Regional,LR ICU,2026-04-12,10,8,80.0
Lakeside Regional,LR ICU,2026-04-13,10,9,90.0
Lakeside Regional,LR ICU,2026-04-14,10,11,110.0
Lakeside Regional,LR ICU,2026-04-15,10,12,120.0
Lakeside Regional,LR ICU,2026-04-16,10,10,100.0
Lakeside Regional,LR ICU,2026-04-17,10,15,150.0
Lakeside Regional,LR ICU,2026-04-18,10,14,140.0
Lakeside Regional,LR ICU,2026-04-19,10,13,130.0
Lakeside Regional,LR ICU,2026-04-20,10,12,120.0
Lakeside Regional,LR ICU,2026-04-21,10,11,110.0
Lakeside Regional,LR ICU,2026-04-22,10,11,110.0
Lakeside Regional,LR ICU,2026-04-23,10,10,100.0
Lakeside Regional,LR ICU,2026-04-24,10,8,80.0
Lakeside Regional,LR ICU,2026-04-25,10,5,50.0
Lakeside Regional,LR ICU,2026-04-26,10,6,60.0
Lakeside Regional,LR ICU,2026-04-27,10,7,70.0
Lakeside Regional,LR ICU,2026-04-28,10,7,70.0
Lakeside Regional,LR ICU,2026-04-29,10,9,90.0
Lakeside Regional,LR ICU,2026-04-30,10,13,130.0
Lakeside Regional,LR ICU,2026-05-01,10,14,140.0
Lakeside Regional,LR ICU,2026-05-02,10,12,120.0
Lakeside Regional,LR ICU,2026-05-03,10,8,80.0
Lakeside Regional,LR ICU,2026-05-04,10,10,100.0
Lakeside Regional,LR ICU,2026-05-05,10,10,100.0
Lakeside Regional,LR ICU,2026-05-06,10,11,110.0
Lakeside Regional,LR ICU,2026-05-07,10,13,130.0
Lakeside Regional,LR ICU,2026-05-08,10,13,130.0
Lakeside Regional,LR ICU,2026-05-09,10,12,120.0
Lakeside Regional,LR ICU,2026-05-10,10,11,110.0
Lakeside Regional,LR ICU,2026-05-11,10,15,150.0
Lakeside Regional,LR ICU,2026-05-12,10,12,120.0
Lakeside Regional,LR ICU,2026-05-13,10,10,100.0
Lakeside Regional,LR ICU,2026-05-14,10,12,120.0
Lakeside Regional,LR ICU,2026-05-15,10,13,130.0
Lakeside Regional,LR ICU,2026-05-16,10,15,150.0
Lakeside Regional,LR ICU,2026-05-17,10,13,130.0
Lakeside Regional,LR ICU,2026-05-18,10,14,140.0
Lakeside Regional,LR ICU,2026-05-19,10,11,110.0
Lakeside Regional,LR ICU,2026-05-20,10,10,100.0
Lakeside Regional,LR ICU,2026-05-21,10,6,60.0
Lakeside Regional,LR ICU,2026-05-22,10,15,150.0
Lakeside Regional,LR ICU,2026-05-23,10,13,130.0
Lakeside Regional,LR ICU,2026-05-24,10,11,110.0
Lakeside Regional,LR ICU,2026-05-25,10,8,80.0
Lakeside Regional,LR ICU,2026-05-26,10,6,60.0
Lakeside Regional,LR ICU,2026-05-27,10,8,80.0
Lakeside Regional,LR ICU,2026-05-28,10,8,80.0
Lakeside Regional,LR ICU,2026-05-29,10,7,70.0
Lakeside Regional,LR ICU,2026-05-30,10,13,130.0
Lakeside Regional,LR ICU,2026-05-31,10,12,120.0
Lakeside Regional,LR ICU,2026-06-01,10,15,150.0
Lakeside Regional,LR ICU,2026-06-02,10,15,150.0
Lakeside Regional,LR ICU,2026-06-03,10,10,100.0
Lakeside Regional,LR ICU,2026-06-04,10,10,100.0
Lakeside Regional,LR ICU,2026-06-05,10,8,80.0
Lakeside Regional,LR ICU,2026-06-06,10,7,70.0
Lakeside Regional,LR ICU,2026-06-07,10,6,60.0
Lakeside Regional,LR ICU,2026-06-08,10,6,60.0
Lakeside Regional,LR ICU,2026-06-09,10,8,80.0
Lakeside Regional,LR ICU,2026-06-10,10,6,60.0
Lakeside Regional,LR ICU,2026-06-11,10,7,70.0
Lakeside Regional,LR ICU,2026-06-12,10,9,90.0
Lakeside Regional,LR ICU,2026-06-13,10,8,80.0
Lakeside Regional,LR ICU,2026-06-14,10,8,80.0
Lakeside Regional,LR ICU,2026-06-15,10,5,50.0
Lakeside Regional,LR ICU,2026-06-16,10,6,60.0
Lakeside Regional,LR ICU,2026-06-17,10,12,120.0
Lakeside Regional,LR ICU,2026-06-18,10,8,80.0
Lakeside Regional,LR ICU,2026-06-19,10,5,50.0
Lakeside Regional,LR ICU,2026-06-20,10,11,110.0
Lakeside Regional,LR ICU,2026-06-21,10,5,50.0
Lakeside Regional,LR ICU,2026-06-22,10,8,80.0
Lakeside Regional,LR ICU,2026-06-23,10,6,60.0
Lakeside Regional,LR ICU,2026-06-24,10,9,90.0
Lakeside Regional,LR ICU,2026-06-25,10,6,60.0
Lakeside Regional,LR ICU,2026-06-26,10,8,80.0
Lakeside Regional,LR ICU,2026-06-27,10,9,90.0
Lakeside Regional,LR ICU,2026-06-28,10,11,110.0
Lakeside Regional,LR ICU,2026-06-29,10,10,100.0
Lakeside Regional,LR ICU,2026-06-30,10,10,100.0
Mercy North,MN 3W Med/Surg,2026-01-01,61,50,82.0
Mercy North,MN 3W Med/Surg,2026-01-02,61,44,72.1
Mercy North,MN 3W Med/Surg,2026-01-03,61,44,72.1
Mercy North,MN 3W Med/Surg,2026-01-04,61,48,78.7
Mercy North,MN 3W Med/Surg,2026-01-05,61,51,83.6
Mercy North,MN 3W Med/Surg,2026-01-06,61,49,80.3
Mercy North,MN 3W Med/Surg,2026-01-07,61,46,75.4
Mercy North,MN 3W Med/Surg,2026-01-08,61,44,72.1
Mercy North,MN 3W Med/Surg,2026-01-09,61,49,80.3
Mercy North,MN 3W Med/Surg,2026-01-10,61,43,70.5
Mercy North,MN 3W Med/Surg,2026-01-11,61,46,75.4
Mercy North,MN 3W Med/Surg,2026-01-12,61,49,80.3
Mercy North,MN 3W Med/Surg,2026-01-13,61,44,72.1
Mercy North,MN 3W Med/Surg,2026-01-14,61,43,70.5
Mercy North,MN 3W Med/Surg,2026-01-15,61,42,68.9
Mercy North,MN 3W Med/Surg,2026-01-16,61,41,67.2
Mercy North,MN 3W Med/Surg,2026-01-17,61,44,72.1
Mercy North,MN 3W Med/Surg,2026-01-18,61,47,77.0
Mercy North,MN 3W Med/Surg,2026-01-19,61,47,77.0
Mercy North,MN 3W Med/Surg,2026-01-20,61,48,78.7
Mercy North,MN 3W Med/Surg,2026-01-21,61,50,82.0
Mercy North,MN 3W Med/Surg,2026-01-22,61,60,98.4
Mercy North,MN 3W Med/Surg,2026-01-23,61,53,86.9
Mercy North,MN 3W Med/Surg,2026-01-24,61,66,108.2
Mercy North,MN 3W Med/Surg,2026-01-25,61,62,101.6
Mercy North,MN 3W Med/Surg,2026-01-26,61,62,101.6
Mercy North,MN 3W Med/Surg,2026-01-27,61,62,101.6
Mercy North,MN 3W Med/Surg,2026-01-28,61,55,90.2
Mercy North,MN 3W Med/Surg,2026-01-29,61,60,98.4
Mercy North,MN 3W Med/Surg,2026-01-30,61,56,91.8
Mercy North,MN 3W Med/Surg,2026-01-31,61,48,78.7
Mercy North,MN 3W Med/Surg,2026-02-01,61,43,70.5
Mercy North,MN 3W Med/Surg,2026-02-02,61,40,65.6
Mercy North,MN 3W Med/Surg,2026-02-03,61,44,72.1
Mercy North,MN 3W Med/Surg,2026-02-04,61,49,80.3
Mercy North,MN 3W Med/Surg,2026-02-05,61,54,88.5
Mercy North,MN 3W Med/Surg,2026-02-06,61,47,77.0
Mercy North,MN 3W Med/Surg,2026-02-07,61,45,73.8
Mercy North,MN 3W Med/Surg,2026-02-08,61,42,68.9
Mercy North,MN 3W Med/Surg,2026-02-09,61,53,86.9
Mercy North,MN 3W Med/Surg,2026-02-10,61,53,86.9
Mercy North,MN 3W Med/Surg,2026-02-11,61,54,88.5
Mercy North,MN 3W Med/Surg,2026-02-12,61,58,95.1
Mercy North,MN 3W Med/Surg,2026-02-13,61,54,88.5
Mercy North,MN 3W Med/Surg,2026-02-14,61,61,100.0
Mercy North,MN 3W Med/Surg,2026-02-15,61,66,108.2
Mercy North,MN 3W Med/Surg,2026-02-16,61,65,106.6
Mercy North,MN 3W Med/Surg,2026-02-17,61,60,98.4
Mercy North,MN 3W Med/Surg,2026-02-18,61,60,98.4
Mercy North,MN 3W Med/Surg,2026-02-19,61,52,85.2
Mercy North,MN 3W Med/Surg,2026-02-20,61,54,88.5
Mercy North,MN 3W Med/Surg,2026-02-21,61,56,91.8
Mercy North,MN 3W Med/Surg,2026-02-22,61,57,93.4
Mercy North,MN 3W Med/Surg,2026-02-23,61,55,90.2
Mercy North,MN 3W Med/Surg,2026-02-24,61,60,98.4
Mercy North,MN 3W Med/Surg,2026-02-25,61,62,101.6
Mercy North,MN 3W Med/Surg,2026-02-26,61,64,104.9
Mercy North,MN 3W Med/Surg,2026-02-27,61,67,109.8
Mercy North,MN 3W Med/Surg,2026-02-28,61,64,104.9
Mercy North,MN 3W Med/Surg,2026-03-01,61,62,101.6
Mercy North,MN 3W Med/Surg,2026-03-02,61,50,82.0
Mercy North,MN 3W Med/Surg,2026-03-03,61,49,80.3
Mercy North,MN 3W Med/Surg,2026-03-04,61,47,77.0
Mercy North,MN 3W Med/Surg,2026-03-05,61,51,83.6
Mercy North,MN 3W Med/Surg,2026-03-06,61,51,83.6
Mercy North,MN 3W Med/Surg,2026-03-07,61,58,95.1
Mercy North,MN 3W Med/Surg,2026-03-08,61,62,101.6
Mercy North,MN 3W Med/Surg,2026-03-09,61,58,95.1
Mercy North,MN 3W Med/Surg,2026-03-10,61,55,90.2
Mercy North,MN 3W Med/Surg,2026-03-11,61,50,82.0
Mercy North,MN 3W Med/Surg,2026-03-12,61,46,75.4
Mercy North,MN 3W Med/Surg,2026-03-13,61,52,85.2
Mercy North,MN 3W Med/Surg,2026-03-14,61,52,85.2
Mercy North,MN 3W Med/Surg,2026-03-15,61,47,77.0
Mercy North,MN 3W Med/Surg,2026-03-16,61,52,85.2
Mercy North,MN 3W Med/Surg,2026-03-17,61,58,95.1
Mercy North,MN 3W Med/Surg,2026-03-18,61,58,95.1
Mercy North,MN 3W Med/Surg,2026-03-19,61,56,91.8
Mercy North,MN 3W Med/Surg,2026-03-20,61,47,77.0
Mercy North,MN 3W Med/Surg,2026-03-21,61,51,83.6
Mercy North,MN 3W Med/Surg,2026-03-22,61,51,83.6
Mercy North,MN 3W Med/Surg,2026-03-23,61,54,88.5
Mercy North,MN 3W Med/Surg,2026-03-24,61,67,109.8
Mercy North,MN 3W Med/Surg,2026-03-25,61,71,116.4
Mercy North,MN 3W Med/Surg,2026-03-26,61,62,101.6
Mercy North,MN 3W Med/Surg,2026-03-27,61,64,104.9
Mercy North,MN 3W Med/Surg,2026-03-28,61,55,90.2
Mercy North,MN 3W Med/Surg,2026-03-29,61,46,75.4
Mercy North,MN 3W Med/Surg,2026-03-30,61,43,70.5
Mercy North,MN 3W Med/Surg,2026-03-31,61,52,85.2
Mercy North,MN 3W Med/Surg,2026-04-01,61,47,77.0
Mercy North,MN 3W Med/Surg,2026-04-02,61,50,82.0
Mercy North,MN 3W Med/Surg,2026-04-03,61,48,78.7
Mercy North,MN 3W Med/Surg,2026-04-04,61,50,82.0
Mercy North,MN 3W Med/Surg,2026-04-05,61,53,86.9
Mercy North,MN 3W Med/Surg,2026-04-06,61,53,86.9
Mercy North,MN 3W Med/Surg,2026-04-07,61,55,90.2
Mercy North,MN 3W Med/Surg,2026-04-08,61,60,98.4
Mercy North,MN 3W Med/Surg,2026-04-09,61,57,93.4
Mercy North,MN 3W Med/Surg,2026-04-10,61,65,106.6
Mercy North,MN 3W Med/Surg,2026-04-11,61,65,106.6
Mercy North,MN 3W Med/Surg,2026-04-12,61,56,91.8
Mercy North,MN 3W Med/Surg,2026-04-13,61,57,93.4
Mercy North,MN 3W Med/Surg,2026-04-14,61,57,93.4
Mercy North,MN 3W Med/Surg,2026-04-15,61,59,96.7
Mercy North,MN 3W Med/Surg,2026-04-16,61,55,90.2
Mercy North,MN 3W Med/Surg,2026-04-17,61,61,100.0
Mercy North,MN 3W Med/Surg,2026-04-18,61,57,93.4
Mercy North,MN 3W Med/Surg,2026-04-19,61,53,86.9
Mercy North,MN 3W Med/Surg,2026-04-20,61,49,80.3
Mercy North,MN 3W Med/Surg,2026-04-21,61,50,82.0
Mercy North,MN 3W Med/Surg,2026-04-22,61,54,88.5
Mercy North,MN 3W Med/Surg,2026-04-23,61,54,88.5
Mercy North,MN 3W Med/Surg,2026-04-24,61,46,75.4
Mercy North,MN 3W Med/Surg,2026-04-25,61,54,88.5
Mercy North,MN 3W Med/Surg,2026-04-26,61,57,93.4
Mercy North,MN 3W Med/Surg,2026-04-27,61,51,83.6
Mercy North,MN 3W Med/Surg,2026-04-28,61,50,82.0
Mercy North,MN 3W Med/Surg,2026-04-29,61,41,67.2
Mercy North,MN 3W Med/Surg,2026-04-30,61,48,78.7
Mercy North,MN 3W Med/Surg,2026-05-01,61,43,70.5
Mercy North,MN 3W Med/Surg,2026-05-02,61,53,86.9
Mercy North,MN 3W Med/Surg,2026-05-03,61,59,96.7
Mercy North,MN 3W Med/Surg,2026-05-04,61,56,91.8
Mercy North,MN 3W Med/Surg,2026-05-05,61,54,88.5
Mercy North,MN 3W Med/Surg,2026-05-06,61,47,77.0
Mercy North,MN 3W Med/Surg,2026-05-07,61,56,91.8
Mercy North,MN 3W Med/Surg,2026-05-08,61,56,91.8
Mercy North,MN 3W Med/Surg,2026-05-09,61,59,96.7
Mercy North,MN 3W Med/Surg,2026-05-10,61,55,90.2
Mercy North,MN 3W Med/Surg,2026-05-11,61,45,73.8
Mercy North,MN 3W Med/Surg,2026-05-12,61,49,80.3
Mercy North,MN 3W Med/Surg,2026-05-13,61,54,88.5
Mercy North,MN 3W Med/Surg,2026-05-14,61,55,90.2
Mercy North,MN 3W Med/Surg,2026-05-15,61,50,82.0
Mercy North,MN 3W Med/Surg,2026-05-16,61,47,77.0
Mercy North,MN 3W Med/Surg,2026-05-17,61,43,70.5
Mercy North,MN 3W Med/Surg,2026-05-18,61,41,67.2
Mercy North,MN 3W Med/Surg,2026-05-19,61,42,68.9
Mercy North,MN 3W Med/Surg,2026-05-20,61,42,68.9
Mercy North,MN 3W Med/Surg,2026-05-21,61,41,67.2
Mercy North,MN 3W Med/Surg,2026-05-22,61,46,75.4
Mercy North,MN 3W Med/Surg,2026-05-23,61,38,62.3
Mercy North,MN 3W Med/Surg,2026-05-24,61,49,80.3
Mercy North,MN 3W Med/Surg,2026-05-25,61,56,91.8
Mercy North,MN 3W Med/Surg,2026-05-26,61,46,75.4
Mercy North,MN 3W Med/Surg,2026-05-27,61,43,70.5
Mercy North,MN 3W Med/Surg,2026-05-28,61,48,78.7
Mercy North,MN 3W Med/Surg,2026-05-29,61,52,85.2
Mercy North,MN 3W Med/Surg,2026-05-30,61,50,82.0
Mercy North,MN 3W Med/Surg,2026-05-31,61,51,83.6
Mercy North,MN 3W Med/Surg,2026-06-01,61,51,83.6
Mercy North,MN 3W Med/Surg,2026-06-02,61,51,83.6
Mercy North,MN 3W Med/Surg,2026-06-03,61,55,90.2
Mercy North,MN 3W Med/Surg,2026-06-04,61,39,63.9
Mercy North,MN 3W Med/Surg,2026-06-05,61,35,57.4
Mercy North,MN 3W Med/Surg,2026-06-06,61,38,62.3
Mercy North,MN 3W Med/Surg,2026-06-07,61,39,63.9
Mercy North,MN 3W Med/Surg,2026-06-08,61,44,72.1
Mercy North,MN 3W Med/Surg,2026-06-09,61,45,73.8
Mercy North,MN 3W Med/Surg,2026-06-10,61,46,75.4
Mercy North,MN 3W Med/Surg,2026-06-11,61,54,88.5
Mercy North,MN 3W Med/Surg,2026-06-12,61,60,98.4
Mercy North,MN 3W Med/Surg,2026-06-13,61,53,86.9
Mercy North,MN 3W Med/Surg,2026-06-14,61,51,83.6
Mercy North,MN 3W Med/Surg,2026-06-15,61,51,83.6
Mercy North,MN 3W Med/Surg,2026-06-16,61,57,93.4
Mercy North,MN 3W Med/Surg,2026-06-17,61,60,98.4
Mercy North,MN 3W Med/Surg,2026-06-18,61,63,103.3
Mercy North,MN 3W Med/Surg,2026-06-19,61,58,95.1
Mercy North,MN 3W Med/Surg,2026-06-20,61,53,86.9
Mercy North,MN 3W Med/Surg,2026-06-21,61,56,91.8
Mercy North,MN 3W Med/Surg,2026-06-22,61,54,88.5
Mercy North,MN 3W Med/Surg,2026-06-23,61,48,78.7
Mercy North,MN 3W Med/Surg,2026-06-24,61,40,65.6
Mercy North,MN 3W Med/Surg,2026-06-25,61,47,77.0
Mercy North,MN 3W Med/Surg,2026-06-26,61,50,82.0
Mercy North,MN 3W Med/Surg,2026-06-27,61,56,91.8
Mercy North,MN 3W Med/Surg,2026-06-28,61,54,88.5
Mercy North,MN 3W Med/Surg,2026-06-29,61,50,82.0
Mercy North,MN 3W Med/Surg,2026-06-30,61,56,91.8
Mercy North,MN 4E Telemetry,2026-01-01,27,25,92.6
Mercy North,MN 4E Telemetry,2026-01-02,27,27,100.0
Mercy North,MN 4E Telemetry,2026-01-03,27,25,92.6
Mercy North,MN 4E Telemetry,2026-01-04,27,27,100.0
Mercy North,MN 4E Telemetry,2026-01-05,27,25,92.6
Mercy North,MN 4E Telemetry,2026-01-06,27,26,96.3
Mercy North,MN 4E Telemetry,2026-01-07,27,27,100.0
Mercy North,MN 4E Telemetry,2026-01-08,27,25,92.6
Mercy North,MN 4E Telemetry,2026-01-09,27,27,100.0
Mercy North,MN 4E Telemetry,2026-01-10,27,32,118.5
Mercy North,MN 4E Telemetry,2026-01-11,27,30,111.1
Mercy North,MN 4E Telemetry,2026-01-12,27,26,96.3
Mercy North,MN 4E Telemetry,2026-01-13,27,25,92.6
Mercy North,MN 4E Telemetry,2026-01-14,27,27,100.0
Mercy North,MN 4E Telemetry,2026-01-15,27,25,92.6
Mercy North,MN 4E Telemetry,2026-01-16,27,29,107.4
Mercy North,MN 4E Telemetry,2026-01-17,27,27,100.0
Mercy North,MN 4E Telemetry,2026-01-18,27,23,85.2
Mercy North,MN 4E Telemetry,2026-01-19,27,23,85.2
Mercy North,MN 4E Telemetry,2026-01-20,27,29,107.4
Mercy North,MN 4E Telemetry,2026-01-21,27,29,107.4
Mercy North,MN 4E Telemetry,2026-01-22,27,25,92.6
Mercy North,MN 4E Telemetry,2026-01-23,27,22,81.5
Mercy North,MN 4E Telemetry,2026-01-24,27,22,81.5
Mercy North,MN 4E Telemetry,2026-01-25,27,19,70.4
Mercy North,MN 4E Telemetry,2026-01-26,27,19,70.4
Mercy North,MN 4E Telemetry,2026-01-27,27,24,88.9
Mercy North,MN 4E Telemetry,2026-01-28,27,23,85.2
Mercy North,MN 4E Telemetry,2026-01-29,27,21,77.8
Mercy North,MN 4E Telemetry,2026-01-30,27,20,74.1
Mercy North,MN 4E Telemetry,2026-01-31,27,23,85.2
Mercy North,MN 4E Telemetry,2026-02-01,27,33,122.2
Mercy North,MN 4E Telemetry,2026-02-02,27,34,125.9
Mercy North,MN 4E Telemetry,2026-02-03,27,29,107.4
Mercy North,MN 4E Telemetry,2026-02-04,27,35,129.6
Mercy North,MN 4E Telemetry,2026-02-05,27,33,122.2
Mercy North,MN 4E Telemetry,2026-02-06,27,31,114.8
Mercy North,MN 4E Telemetry,2026-02-07,27,29,107.4
Mercy North,MN 4E Telemetry,2026-02-08,27,26,96.3
Mercy North,MN 4E Telemetry,2026-02-09,27,25,92.6
Mercy North,MN 4E Telemetry,2026-02-10,27,21,77.8
Mercy North,MN 4E Telemetry,2026-02-11,27,24,88.9
Mercy North,MN 4E Telemetry,2026-02-12,27,23,85.2
Mercy North,MN 4E Telemetry,2026-02-13,27,25,92.6
Mercy North,MN 4E Telemetry,2026-02-14,27,25,92.6
Mercy North,MN 4E Telemetry,2026-02-15,27,24,88.9
Mercy North,MN 4E Telemetry,2026-02-16,27,27,100.0
Mercy North,MN 4E Telemetry,2026-02-17,27,24,88.9
Mercy North,MN 4E Telemetry,2026-02-18,27,22,81.5
Mercy North,MN 4E Telemetry,2026-02-19,27,17,63.0
Mercy North,MN 4E Telemetry,2026-02-20,27,20,74.1
Mercy North,MN 4E Telemetry,2026-02-21,27,19,70.4
Mercy North,MN 4E Telemetry,2026-02-22,27,18,66.7
Mercy North,MN 4E Telemetry,2026-02-23,27,18,66.7
Mercy North,MN 4E Telemetry,2026-02-24,27,27,100.0
Mercy North,MN 4E Telemetry,2026-02-25,27,30,111.1
Mercy North,MN 4E Telemetry,2026-02-26,27,28,103.7
Mercy North,MN 4E Telemetry,2026-02-27,27,25,92.6
Mercy North,MN 4E Telemetry,2026-02-28,27,26,96.3
Mercy North,MN 4E Telemetry,2026-03-01,27,27,100.0
Mercy North,MN 4E Telemetry,2026-03-02,27,25,92.6
Mercy North,MN 4E Telemetry,2026-03-03,27,20,74.1
Mercy North,MN 4E Telemetry,2026-03-04,27,21,77.8
Mercy North,MN 4E Telemetry,2026-03-05,27,24,88.9
Mercy North,MN 4E Telemetry,2026-03-06,27,24,88.9
Mercy North,MN 4E Telemetry,2026-03-07,27,24,88.9
Mercy North,MN 4E Telemetry,2026-03-08,27,20,74.1
Mercy North,MN 4E Telemetry,2026-03-09,27,24,88.9
Mercy North,MN 4E Telemetry,2026-03-10,27,21,77.8
Mercy North,MN 4E Telemetry,2026-03-11,27,20,74.1
Mercy North,MN 4E Telemetry,2026-03-12,27,29,107.4
Mercy North,MN 4E Telemetry,2026-03-13,27,31,114.8
Mercy North,MN 4E Telemetry,2026-03-14,27,28,103.7
Mercy North,MN 4E Telemetry,2026-03-15,27,26,96.3
Mercy North,MN 4E Telemetry,2026-03-16,27,28,103.7
Mercy North,MN 4E Telemetry,2026-03-17,27,35,129.6
Mercy North,MN 4E Telemetry,2026-03-18,27,32,118.5
Mercy North,MN 4E Telemetry,2026-03-19,27,34,125.9
Mercy North,MN 4E Telemetry,2026-03-20,27,26,96.3
Mercy North,MN 4E Telemetry,2026-03-21,27,30,111.1
Mercy North,MN 4E Telemetry,2026-03-22,27,28,103.7
Mercy North,MN 4E Telemetry,2026-03-23,27,32,118.5
Mercy North,MN 4E Telemetry,2026-03-24,27,30,111.1
Mercy North,MN 4E Telemetry,2026-03-25,27,31,114.8
Mercy North,MN 4E Telemetry,2026-03-26,27,27,100.0
Mercy North,MN 4E Telemetry,2026-03-27,27,19,70.4
Mercy North,MN 4E Telemetry,2026-03-28,27,21,77.8
Mercy North,MN 4E Telemetry,2026-03-29,27,24,88.9
Mercy North,MN 4E Telemetry,2026-03-30,27,27,100.0
Mercy North,MN 4E Telemetry,2026-03-31,27,22,81.5
Mercy North,MN 4E Telemetry,2026-04-01,27,29,107.4
Mercy North,MN 4E Telemetry,2026-04-02,27,31,114.8
Mercy North,MN 4E Telemetry,2026-04-03,27,28,103.7
Mercy North,MN 4E Telemetry,2026-04-04,27,31,114.8
Mercy North,MN 4E Telemetry,2026-04-05,27,33,122.2
Mercy North,MN 4E Telemetry,2026-04-06,27,27,100.0
Mercy North,MN 4E Telemetry,2026-04-07,27,20,74.1
Mercy North,MN 4E Telemetry,2026-04-08,27,22,81.5
Mercy North,MN 4E Telemetry,2026-04-09,27,22,81.5
Mercy North,MN 4E Telemetry,2026-04-10,27,19,70.4
Mercy North,MN 4E Telemetry,2026-04-11,27,20,74.1
Mercy North,MN 4E Telemetry,2026-04-12,27,23,85.2
Mercy North,MN 4E Telemetry,2026-04-13,27,22,81.5
Mercy North,MN 4E Telemetry,2026-04-14,27,22,81.5
Mercy North,MN 4E Telemetry,2026-04-15,27,21,77.8
Mercy North,MN 4E Telemetry,2026-04-16,27,18,66.7
Mercy North,MN 4E Telemetry,2026-04-17,27,18,66.7
Mercy North,MN 4E Telemetry,2026-04-18,27,17,63.0
Mercy North,MN 4E Telemetry,2026-04-19,27,20,74.1
Mercy North,MN 4E Telemetry,2026-04-20,27,24,88.9
Mercy North,MN 4E Telemetry,2026-04-21,27,23,85.2
Mercy North,MN 4E Telemetry,2026-04-22,27,29,107.4
Mercy North,MN 4E Telemetry,2026-04-23,27,21,77.8
Mercy North,MN 4E Telemetry,2026-04-24,27,22,81.5
Mercy North,MN 4E Telemetry,2026-04-25,27,20,74.1
Mercy North,MN 4E Telemetry,2026-04-26,27,26,96.3
Mercy North,MN 4E Telemetry,2026-04-27,27,13,48.1
Mercy North,MN 4E Telemetry,2026-04-28,27,16,59.3
Mercy North,MN 4E Telemetry,2026-04-29,27,19,70.4
Mercy North,MN 4E Telemetry,2026-04-30,27,22,81.5
Mercy North,MN 4E Telemetry,2026-05-01,27,25,92.6
Mercy North,MN 4E Telemetry,2026-05-02,27,25,92.6
Mercy North,MN 4E Telemetry,2026-05-03,27,23,85.2
Mercy North,MN 4E Telemetry,2026-05-04,27,24,88.9
Mercy North,MN 4E Telemetry,2026-05-05,27,24,88.9
Mercy North,MN 4E Telemetry,2026-05-06,27,24,88.9
Mercy North,MN 4E Telemetry,2026-05-07,27,28,103.7
Mercy North,MN 4E Telemetry,2026-05-08,27,30,111.1
Mercy North,MN 4E Telemetry,2026-05-09,27,24,88.9
Mercy North,MN 4E Telemetry,2026-05-10,27,16,59.3
Mercy North,MN 4E Telemetry,2026-05-11,27,22,81.5
Mercy North,MN 4E Telemetry,2026-05-12,27,20,74.1
Mercy North,MN 4E Telemetry,2026-05-13,27,20,74.1
Mercy North,MN 4E Telemetry,2026-05-14,27,19,70.4
Mercy North,MN 4E Telemetry,2026-05-15,27,25,92.6
Mercy North,MN 4E Telemetry,2026-05-16,27,26,96.3
Mercy North,MN 4E Telemetry,2026-05-17,27,26,96.3
Mercy North,MN 4E Telemetry,2026-05-18,27,31,114.8
Mercy North,MN 4E Telemetry,2026-05-19,27,27,100.0
Mercy North,MN 4E Telemetry,2026-05-20,27,24,88.9
Mercy North,MN 4E Telemetry,2026-05-21,27,21,77.8
Mercy North,MN 4E Telemetry,2026-05-22,27,22,81.5
Mercy North,MN 4E Telemetry,2026-05-23,27,32,118.5
Mercy North,MN 4E Telemetry,2026-05-24,27,30,111.1
Mercy North,MN 4E Telemetry,2026-05-25,27,29,107.4
Mercy North,MN 4E Telemetry,2026-05-26,27,27,100.0
Mercy North,MN 4E Telemetry,2026-05-27,27,31,114.8
Mercy North,MN 4E Telemetry,2026-05-28,27,30,111.1
Mercy North,MN 4E Telemetry,2026-05-29,27,34,125.9
Mercy North,MN 4E Telemetry,2026-05-30,27,34,125.9
Mercy North,MN 4E Telemetry,2026-05-31,27,30,111.1
Mercy North,MN 4E Telemetry,2026-06-01,27,26,96.3
Mercy North,MN 4E Telemetry,2026-06-02,27,26,96.3
Mercy North,MN 4E Telemetry,2026-06-03,27,22,81.5
Mercy North,MN 4E Telemetry,2026-06-04,27,23,85.2
Mercy North,MN 4E Telemetry,2026-06-05,27,25,92.6
Mercy North,MN 4E Telemetry,2026-06-06,27,18,66.7
Mercy North,MN 4E Telemetry,2026-06-07,27,21,77.8
Mercy North,MN 4E Telemetry,2026-06-08,27,20,74.1
Mercy North,MN 4E Telemetry,2026-06-09,27,15,55.6
Mercy North,MN 4E Telemetry,2026-06-10,27,17,63.0
Mercy North,MN 4E Telemetry,2026-06-11,27,23,85.2
Mercy North,MN 4E Telemetry,2026-06-12,27,23,85.2
Mercy North,MN 4E Telemetry,2026-06-13,27,20,74.1
Mercy North,MN 4E Telemetry,2026-06-14,27,22,81.5
Mercy North,MN 4E Telemetry,2026-06-15,27,21,77.8
Mercy North,MN 4E Telemetry,2026-06-16,27,20,74.1
Mercy North,MN 4E Telemetry,2026-06-17,27,17,63.0
Mercy North,MN 4E Telemetry,2026-06-18,27,19,70.4
Mercy North,MN 4E Telemetry,2026-06-19,27,18,66.7
Mercy North,MN 4E Telemetry,2026-06-20,27,17,63.0
Mercy North,MN 4E Telemetry,2026-06-21,27,17,63.0
Mercy North,MN 4E Telemetry,2026-06-22,27,21,77.8
Mercy North,MN 4E Telemetry,2026-06-23,27,24,88.9
Mercy North,MN 4E Telemetry,2026-06-24,27,22,81.5
Mercy North,MN 4E Telemetry,2026-06-25,27,26,96.3
Mercy North,MN 4E Telemetry,2026-06-26,27,20,74.1
Mercy North,MN 4E Telemetry,2026-06-27,27,22,81.5
Mercy North,MN 4E Telemetry,2026-06-28,27,24,88.9
Mercy North,MN 4E Telemetry,2026-06-29,27,27,100.0
Mercy North,MN 4E Telemetry,2026-06-30,27,33,122.2
Mercy North,MN ICU,2026-01-01,14,18,128.6
Mercy North,MN ICU,2026-01-02,14,19,135.7
Mercy North,MN ICU,2026-01-03,14,16,114.3
Mercy North,MN ICU,2026-01-04,14,13,92.9
Mercy North,MN ICU,2026-01-05,14,13,92.9
Mercy North,MN ICU,2026-01-06,14,11,78.6
Mercy North,MN ICU,2026-01-07,14,11,78.6
Mercy North,MN ICU,2026-01-08,14,11,78.6
Mercy North,MN ICU,2026-01-09,14,10,71.4
Mercy North,MN ICU,2026-01-10,14,13,92.9
Mercy North,MN ICU,2026-01-11,14,13,92.9
Mercy North,MN ICU,2026-01-12,14,12,85.7
Mercy North,MN ICU,2026-01-13,14,11,78.6
Mercy North,MN ICU,2026-01-14,14,11,78.6
Mercy North,MN ICU,2026-01-15,14,9,64.3
Mercy North,MN ICU,2026-01-16,14,11,78.6
Mercy North,MN ICU,2026-01-17,14,13,92.9
Mercy North,MN ICU,2026-01-18,14,14,100.0
Mercy North,MN ICU,2026-01-19,14,10,71.4
Mercy North,MN ICU,2026-01-20,14,12,85.7
Mercy North,MN ICU,2026-01-21,14,13,92.9
Mercy North,MN ICU,2026-01-22,14,13,92.9
Mercy North,MN ICU,2026-01-23,14,11,78.6
Mercy North,MN ICU,2026-01-24,14,10,71.4
Mercy North,MN ICU,2026-01-25,14,13,92.9
Mercy North,MN ICU,2026-01-26,14,10,71.4
Mercy North,MN ICU,2026-01-27,14,7,50.0
Mercy North,MN ICU,2026-01-28,14,9,64.3
Mercy North,MN ICU,2026-01-29,14,7,50.0
Mercy North,MN ICU,2026-01-30,14,8,57.1
Mercy North,MN ICU,2026-01-31,14,15,107.1
Mercy North,MN ICU,2026-02-01,14,15,107.1
Mercy North,MN ICU,2026-02-02,14,18,128.6
Mercy North,MN ICU,2026-02-03,14,18,128.6
Mercy North,MN ICU,2026-02-04,14,10,71.4
Mercy North,MN ICU,2026-02-05,14,14,100.0
Mercy North,MN ICU,2026-02-06,14,11,78.6
Mercy North,MN ICU,2026-02-07,14,11,78.6
Mercy North,MN ICU,2026-02-08,14,17,121.4
Mercy North,MN ICU,2026-02-09,14,15,107.1
Mercy North,MN ICU,2026-02-10,14,13,92.9
Mercy North,MN ICU,2026-02-11,14,11,78.6
Mercy North,MN ICU,2026-02-12,14,15,107.1
Mercy North,MN ICU,2026-02-13,14,15,107.1
Mercy North,MN ICU,2026-02-14,14,11,78.6
Mercy North,MN ICU,2026-02-15,14,12,85.7
Mercy North,MN ICU,2026-02-16,14,12,85.7
Mercy North,MN ICU,2026-02-17,14,19,135.7
Mercy North,MN ICU,2026-02-18,14,18,128.6
Mercy North,MN ICU,2026-02-19,14,15,107.1
Mercy North,MN ICU,2026-02-20,14,15,107.1
Mercy North,MN ICU,2026-02-21,14,13,92.9
Mercy North,MN ICU,2026-02-22,14,11,78.6
Mercy North,MN ICU,2026-02-23,14,8,57.1
Mercy North,MN ICU,2026-02-24,14,11,78.6
Mercy North,MN ICU,2026-02-25,14,12,85.7
Mercy North,MN ICU,2026-02-26,14,14,100.0
Mercy North,MN ICU,2026-02-27,14,11,78.6
Mercy North,MN ICU,2026-02-28,14,8,57.1
Mercy North,MN ICU,2026-03-01,14,7,50.0
Mercy North,MN ICU,2026-03-02,14,9,64.3
Mercy North,MN ICU,2026-03-03,14,9,64.3
Mercy North,MN ICU,2026-03-04,14,13,92.9
Mercy North,MN ICU,2026-03-05,14,15,107.1
Mercy North,MN ICU,2026-03-06,14,12,85.7
Mercy North,MN ICU,2026-03-07,14,11,78.6
Mercy North,MN ICU,2026-03-08,14,11,78.6
Mercy North,MN ICU,2026-03-09,14,11,78.6
Mercy North,MN ICU,2026-03-10,14,14,100.0
Mercy North,MN ICU,2026-03-11,14,16,114.3
Mercy North,MN ICU,2026-03-12,14,19,135.7
Mercy North,MN ICU,2026-03-13,14,18,128.6
Mercy North,MN ICU,2026-03-14,14,11,78.6
Mercy North,MN ICU,2026-03-15,14,9,64.3
Mercy North,MN ICU,2026-03-16,14,8,57.1
Mercy North,MN ICU,2026-03-17,14,12,85.7
Mercy North,MN ICU,2026-03-18,14,12,85.7
Mercy North,MN ICU,2026-03-19,14,10,71.4
Mercy North,MN ICU,2026-03-20,14,11,78.6
Mercy North,MN ICU,2026-03-21,14,11,78.6
Mercy North,MN ICU,2026-03-22,14,7,50.0
Mercy North,MN ICU,2026-03-23,14,7,50.0
Mercy North,MN ICU,2026-03-24,14,13,92.9
Mercy North,MN ICU,2026-03-25,14,11,78.6
Mercy North,MN ICU,2026-03-26,14,9,64.3
Mercy North,MN ICU,2026-03-27,14,10,71.4
Mercy North,MN ICU,2026-03-28,14,13,92.9
Mercy North,MN ICU,2026-03-29,14,12,85.7
Mercy North,MN ICU,2026-03-30,14,10,71.4
Mercy North,MN ICU,2026-03-31,14,9,64.3
Mercy North,MN ICU,2026-04-01,14,11,78.6
Mercy North,MN ICU,2026-04-02,14,11,78.6
Mercy North,MN ICU,2026-04-03,14,9,64.3
Mercy North,MN ICU,2026-04-04,14,12,85.7
Mercy North,MN ICU,2026-04-05,14,15,107.1
Mercy North,MN ICU,2026-04-06,14,12,85.7
Mercy North,MN ICU,2026-04-07,14,12,85.7
Mercy North,MN ICU,2026-04-08,14,12,85.7
Mercy North,MN ICU,2026-04-09,14,15,107.1
Mercy North,MN ICU,2026-04-10,14,16,114.3
Mercy North,MN ICU,2026-04-11,14,12,85.7
Mercy North,MN ICU,2026-04-12,14,12,85.7
Mercy North,MN ICU,2026-04-13,14,11,78.6
Mercy North,MN ICU,2026-04-14,14,10,71.4
Mercy North,MN ICU,2026-04-15,14,8,57.1
Mercy North,MN ICU,2026-04-16,14,11,78.6
Mercy North,MN ICU,2026-04-17,14,13,92.9
Mercy North,MN ICU,2026-04-18,14,10,71.4
Mercy North,MN ICU,2026-04-19,14,12,85.7
Mercy North,MN ICU,2026-04-20,14,13,92.9
Mercy North,MN ICU,2026-04-21,14,14,100.0
Mercy North,MN ICU,2026-04-22,14,14,100.0
Mercy North,MN ICU,2026-04-23,14,11,78.6
Mercy North,MN ICU,2026-04-24,14,8,57.1
Mercy North,MN ICU,2026-04-25,14,6,42.9
Mercy North,MN ICU,2026-04-26,14,8,57.1
Mercy North,MN ICU,2026-04-27,14,6,42.9
Mercy North,MN ICU,2026-04-28,14,7,50.0
Mercy North,MN ICU,2026-04-29,14,7,50.0
Mercy North,MN ICU,2026-04-30,14,9,64.3
Mercy North,MN ICU,2026-05-01,14,9,64.3
Mercy North,MN ICU,2026-05-02,14,10,71.4
Mercy North,MN ICU,2026-05-03,14,9,64.3
Mercy North,MN ICU,2026-05-04,14,9,64.3
Mercy North,MN ICU,2026-05-05,14,10,71.4
Mercy North,MN ICU,2026-05-06,14,13,92.9
Mercy North,MN ICU,2026-05-07,14,12,85.7
Mercy North,MN ICU,2026-05-08,14,13,92.9
Mercy North,MN ICU,2026-05-09,14,10,71.4
Mercy North,MN ICU,2026-05-10,14,9,64.3
Mercy North,MN ICU,2026-05-11,14,7,50.0
Mercy North,MN ICU,2026-05-12,14,6,42.9
Mercy North,MN ICU,2026-05-13,14,13,92.9
Mercy North,MN ICU,2026-05-14,14,14,100.0
Mercy North,MN ICU,2026-05-15,14,12,85.7
Mercy North,MN ICU,2026-05-16,14,9,64.3
Mercy North,MN ICU,2026-05-17,14,5,35.7
Mercy North,MN ICU,2026-05-18,14,5,35.7
Mercy North,MN ICU,2026-05-19,14,8,57.1
Mercy North,MN ICU,2026-05-20,14,9,64.3
Mercy North,MN ICU,2026-05-21,14,7,50.0
Mercy North,MN ICU,2026-05-22,14,11,78.6
Mercy North,MN ICU,2026-05-23,14,17,121.4
Mercy North,MN ICU,2026-05-24,14,14,100.0
Mercy North,MN ICU,2026-05-25,14,13,92.9
Mercy North,MN ICU,2026-05-26,14,11,78.6
Mercy North,MN ICU,2026-05-27,14,10,71.4
Mercy North,MN ICU,2026-05-28,14,7,50.0
Mercy North,MN ICU,2026-05-29,14,8,57.1
Mercy North,MN ICU,2026-05-30,14,8,57.1
Mercy North,MN ICU,2026-05-31,14,9,64.3
Mercy North,MN ICU,2026-06-01,14,14,100.0
Mercy North,MN ICU,2026-06-02,14,17,121.4
Mercy North,MN ICU,2026-06-03,14,19,135.7
Mercy North,MN ICU,2026-06-04,14,16,114.3
Mercy North,MN ICU,2026-06-05,14,12,85.7
Mercy North,MN ICU,2026-06-06,14,8,57.1
Mercy North,MN ICU,2026-06-07,14,10,71.4
Mercy North,MN ICU,2026-06-08,14,8,57.1
Mercy North,MN ICU,2026-06-09,14,10,71.4
Mercy North,MN ICU,2026-06-10,14,12,85.7
Mercy North,MN ICU,2026-06-11,14,11,78.6
Mercy North,MN ICU,2026-06-12,14,10,71.4
Mercy North,MN ICU,2026-06-13,14,12,85.7
Mercy North,MN ICU,2026-06-14,14,14,100.0
Mercy North,MN ICU,2026-06-15,14,14,100.0
Mercy North,MN ICU,2026-06-16,14,12,85.7
Mercy North,MN ICU,2026-06-17,14,14,100.0
Mercy North,MN ICU,2026-06-18,14,14,100.0
Mercy North,MN ICU,2026-06-19,14,16,114.3
Mercy North,MN ICU,2026-06-20,14,13,92.9
Mercy North,MN ICU,2026-06-21,14,14,100.0
Mercy North,MN ICU,2026-06-22,14,6,42.9
Mercy North,MN ICU,2026-06-23,14,8,57.1
Mercy North,MN ICU,2026-06-24,14,8,57.1
Mercy North,MN ICU,2026-06-25,14,8,57.1
Mercy North,MN ICU,2026-06-26,14,14,100.0
Mercy North,MN ICU,2026-06-27,14,12,85.7
Mercy North,MN ICU,2026-06-28,14,10,71.4
Mercy North,MN ICU,2026-06-29,14,14,100.0
Mercy North,MN ICU,2026-06-30,14,14,100.0
Mercy South,MS 3W Med/Surg,2026-01-01,65,73,112.3
Mercy South,MS 3W Med/Surg,2026-01-02,65,63,96.9
Mercy South,MS 3W Med/Surg,2026-01-03,65,56,86.2
Mercy South,MS 3W Med/Surg,2026-01-04,65,45,69.2
Mercy South,MS 3W Med/Surg,2026-01-05,65,44,67.7
Mercy South,MS 3W Med/Surg,2026-01-06,65,47,72.3
Mercy South,MS 3W Med/Surg,2026-01-07,65,47,72.3
Mercy South,MS 3W Med/Surg,2026-01-08,65,55,84.6
Mercy South,MS 3W Med/Surg,2026-01-09,65,63,96.9
Mercy South,MS 3W Med/Surg,2026-01-10,65,55,84.6
Mercy South,MS 3W Med/Surg,2026-01-11,65,55,84.6
Mercy South,MS 3W Med/Surg,2026-01-12,65,53,81.5
Mercy South,MS 3W Med/Surg,2026-01-13,65,46,70.8
Mercy South,MS 3W Med/Surg,2026-01-14,65,49,75.4
Mercy South,MS 3W Med/Surg,2026-01-15,65,54,83.1
Mercy South,MS 3W Med/Surg,2026-01-16,65,62,95.4
Mercy South,MS 3W Med/Surg,2026-01-17,65,61,93.8
Mercy South,MS 3W Med/Surg,2026-01-18,65,61,93.8
Mercy South,MS 3W Med/Surg,2026-01-19,65,67,103.1
Mercy South,MS 3W Med/Surg,2026-01-20,65,62,95.4
Mercy South,MS 3W Med/Surg,2026-01-21,65,59,90.8
Mercy South,MS 3W Med/Surg,2026-01-22,65,60,92.3
Mercy South,MS 3W Med/Surg,2026-01-23,65,49,75.4
Mercy South,MS 3W Med/Surg,2026-01-24,65,46,70.8
Mercy South,MS 3W Med/Surg,2026-01-25,65,46,70.8
Mercy South,MS 3W Med/Surg,2026-01-26,65,46,70.8
Mercy South,MS 3W Med/Surg,2026-01-27,65,51,78.5
Mercy South,MS 3W Med/Surg,2026-01-28,65,51,78.5
Mercy South,MS 3W Med/Surg,2026-01-29,65,52,80.0
Mercy South,MS 3W Med/Surg,2026-01-30,65,54,83.1
Mercy South,MS 3W Med/Surg,2026-01-31,65,64,98.5
Mercy South,MS 3W Med/Surg,2026-02-01,65,62,95.4
Mercy South,MS 3W Med/Surg,2026-02-02,65,67,103.1
Mercy South,MS 3W Med/Surg,2026-02-03,65,71,109.2
Mercy South,MS 3W Med/Surg,2026-02-04,65,71,109.2
Mercy South,MS 3W Med/Surg,2026-02-05,65,64,98.5
Mercy South,MS 3W Med/Surg,2026-02-06,65,64,98.5
Mercy South,MS 3W Med/Surg,2026-02-07,65,61,93.8
Mercy South,MS 3W Med/Surg,2026-02-08,65,67,103.1
Mercy South,MS 3W Med/Surg,2026-02-09,65,56,86.2
Mercy South,MS 3W Med/Surg,2026-02-10,65,57,87.7
Mercy South,MS 3W Med/Surg,2026-02-11,65,62,95.4
Mercy South,MS 3W Med/Surg,2026-02-12,65,69,106.2
Mercy South,MS 3W Med/Surg,2026-02-13,65,59,90.8
Mercy South,MS 3W Med/Surg,2026-02-14,65,58,89.2
Mercy South,MS 3W Med/Surg,2026-02-15,65,67,103.1
Mercy South,MS 3W Med/Surg,2026-02-16,65,57,87.7
Mercy South,MS 3W Med/Surg,2026-02-17,65,60,92.3
Mercy South,MS 3W Med/Surg,2026-02-18,65,61,93.8
Mercy South,MS 3W Med/Surg,2026-02-19,65,61,93.8
Mercy South,MS 3W Med/Surg,2026-02-20,65,59,90.8
Mercy South,MS 3W Med/Surg,2026-02-21,65,61,93.8
Mercy South,MS 3W Med/Surg,2026-02-22,65,51,78.5
Mercy South,MS 3W Med/Surg,2026-02-23,65,52,80.0
Mercy South,MS 3W Med/Surg,2026-02-24,65,52,80.0
Mercy South,MS 3W Med/Surg,2026-02-25,65,55,84.6
Mercy South,MS 3W Med/Surg,2026-02-26,65,43,66.2
Mercy South,MS 3W Med/Surg,2026-02-27,65,47,72.3
Mercy South,MS 3W Med/Surg,2026-02-28,65,54,83.1
Mercy South,MS 3W Med/Surg,2026-03-01,65,58,89.2
Mercy South,MS 3W Med/Surg,2026-03-02,65,67,103.1
Mercy South,MS 3W Med/Surg,2026-03-03,65,65,100.0
Mercy South,MS 3W Med/Surg,2026-03-04,65,51,78.5
Mercy South,MS 3W Med/Surg,2026-03-05,65,45,69.2
Mercy South,MS 3W Med/Surg,2026-03-06,65,55,84.6
Mercy South,MS 3W Med/Surg,2026-03-07,65,44,67.7
Mercy South,MS 3W Med/Surg,2026-03-08,65,51,78.5
Mercy South,MS 3W Med/Surg,2026-03-09,65,42,64.6
Mercy South,MS 3W Med/Surg,2026-03-10,65,49,75.4
Mercy South,MS 3W Med/Surg,2026-03-11,65,62,95.4
Mercy South,MS 3W Med/Surg,2026-03-12,65,55,84.6
Mercy South,MS 3W Med/Surg,2026-03-13,65,65,100.0
Mercy South,MS 3W Med/Surg,2026-03-14,65,62,95.4
Mercy South,MS 3W Med/Surg,2026-03-15,65,52,80.0
Mercy South,MS 3W Med/Surg,2026-03-16,65,46,70.8
Mercy South,MS 3W Med/Surg,2026-03-17,65,45,69.2
Mercy South,MS 3W Med/Surg,2026-03-18,65,50,76.9
Mercy South,MS 3W Med/Surg,2026-03-19,65,47,72.3
Mercy South,MS 3W Med/Surg,2026-03-20,65,50,76.9
Mercy South,MS 3W Med/Surg,2026-03-21,65,51,78.5
Mercy South,MS 3W Med/Surg,2026-03-22,65,48,73.8
Mercy South,MS 3W Med/Surg,2026-03-23,65,57,87.7
Mercy South,MS 3W Med/Surg,2026-03-24,65,66,101.5
Mercy South,MS 3W Med/Surg,2026-03-25,65,68,104.6
Mercy South,MS 3W Med/Surg,2026-03-26,65,67,103.1
Mercy South,MS 3W Med/Surg,2026-03-27,65,54,83.1
Mercy South,MS 3W Med/Surg,2026-03-28,65,52,80.0
Mercy South,MS 3W Med/Surg,2026-03-29,65,51,78.5
Mercy South,MS 3W Med/Surg,2026-03-30,65,51,78.5
Mercy South,MS 3W Med/Surg,2026-03-31,65,52,80.0
Mercy South,MS 3W Med/Surg,2026-04-01,65,54,83.1
Mercy South,MS 3W Med/Surg,2026-04-02,65,58,89.2
Mercy South,MS 3W Med/Surg,2026-04-03,65,53,81.5
Mercy South,MS 3W Med/Surg,2026-04-04,65,53,81.5
Mercy South,MS 3W Med/Surg,2026-04-05,65,46,70.8
Mercy South,MS 3W Med/Surg,2026-04-06,65,40,61.5
Mercy South,MS 3W Med/Surg,2026-04-07,65,43,66.2
Mercy South,MS 3W Med/Surg,2026-04-08,65,51,78.5
Mercy South,MS 3W Med/Surg,2026-04-09,65,57,87.7
Mercy South,MS 3W Med/Surg,2026-04-10,65,60,92.3
Mercy South,MS 3W Med/Surg,2026-04-11,65,67,103.1
Mercy South,MS 3W Med/Surg,2026-04-12,65,67,103.1
Mercy South,MS 3W Med/Surg,2026-04-13,65,62,95.4
Mercy South,MS 3W Med/Surg,2026-04-14,65,55,84.6
Mercy South,MS 3W Med/Surg,2026-04-15,65,60,92.3
Mercy South,MS 3W Med/Surg,2026-04-16,65,66,101.5
Mercy South,MS 3W Med/Surg,2026-04-17,65,55,84.6
Mercy South,MS 3W Med/Surg,2026-04-18,65,59,90.8
Mercy South,MS 3W Med/Surg,2026-04-19,65,59,90.8
Mercy South,MS 3W Med/Surg,2026-04-20,65,69,106.2
Mercy South,MS 3W Med/Surg,2026-04-21,65,63,96.9
Mercy South,MS 3W Med/Surg,2026-04-22,65,58,89.2
Mercy South,MS 3W Med/Surg,2026-04-23,65,60,92.3
Mercy South,MS 3W Med/Surg,2026-04-24,65,69,106.2
Mercy South,MS 3W Med/Surg,2026-04-25,65,64,98.5
Mercy South,MS 3W Med/Surg,2026-04-26,65,65,100.0
Mercy South,MS 3W Med/Surg,2026-04-27,65,61,93.8
Mercy South,MS 3W Med/Surg,2026-04-28,65,57,87.7
Mercy South,MS 3W Med/Surg,2026-04-29,65,59,90.8
Mercy South,MS 3W Med/Surg,2026-04-30,65,55,84.6
Mercy South,MS 3W Med/Surg,2026-05-01,65,59,90.8
Mercy South,MS 3W Med/Surg,2026-05-02,65,58,89.2
Mercy South,MS 3W Med/Surg,2026-05-03,65,56,86.2
Mercy South,MS 3W Med/Surg,2026-05-04,65,59,90.8
Mercy South,MS 3W Med/Surg,2026-05-05,65,64,98.5
Mercy South,MS 3W Med/Surg,2026-05-06,65,72,110.8
Mercy South,MS 3W Med/Surg,2026-05-07,65,68,104.6
Mercy South,MS 3W Med/Surg,2026-05-08,65,65,100.0
Mercy South,MS 3W Med/Surg,2026-05-09,65,62,95.4
Mercy South,MS 3W Med/Surg,2026-05-10,65,51,78.5
Mercy South,MS 3W Med/Surg,2026-05-11,65,49,75.4
Mercy South,MS 3W Med/Surg,2026-05-12,65,45,69.2
Mercy South,MS 3W Med/Surg,2026-05-13,65,54,83.1
Mercy South,MS 3W Med/Surg,2026-05-14,65,47,72.3
Mercy South,MS 3W Med/Surg,2026-05-15,65,34,52.3
Mercy South,MS 3W Med/Surg,2026-05-16,65,43,66.2
Mercy South,MS 3W Med/Surg,2026-05-17,65,54,83.1
Mercy South,MS 3W Med/Surg,2026-05-18,65,62,95.4
Mercy South,MS 3W Med/Surg,2026-05-19,65,67,103.1
Mercy South,MS 3W Med/Surg,2026-05-20,65,72,110.8
Mercy South,MS 3W Med/Surg,2026-05-21,65,76,116.9
Mercy South,MS 3W Med/Surg,2026-05-22,65,71,109.2
Mercy South,MS 3W Med/Surg,2026-05-23,65,62,95.4
Mercy South,MS 3W Med/Surg,2026-05-24,65,54,83.1
Mercy South,MS 3W Med/Surg,2026-05-25,65,55,84.6
Mercy South,MS 3W Med/Surg,2026-05-26,65,70,107.7
Mercy South,MS 3W Med/Surg,2026-05-27,65,62,95.4
Mercy South,MS 3W Med/Surg,2026-05-28,65,64,98.5
Mercy South,MS 3W Med/Surg,2026-05-29,65,64,98.5
Mercy South,MS 3W Med/Surg,2026-05-30,65,63,96.9
Mercy South,MS 3W Med/Surg,2026-05-31,65,66,101.5
Mercy South,MS 3W Med/Surg,2026-06-01,65,58,89.2
Mercy South,MS 3W Med/Surg,2026-06-02,65,63,96.9
Mercy South,MS 3W Med/Surg,2026-06-03,65,54,83.1
Mercy South,MS 3W Med/Surg,2026-06-04,65,45,69.2
Mercy South,MS 3W Med/Surg,2026-06-05,65,43,66.2
Mercy South,MS 3W Med/Surg,2026-06-06,65,49,75.4
Mercy South,MS 3W Med/Surg,2026-06-07,65,53,81.5
Mercy South,MS 3W Med/Surg,2026-06-08,65,52,80.0
Mercy South,MS 3W Med/Surg,2026-06-09,65,54,83.1
Mercy South,MS 3W Med/Surg,2026-06-10,65,57,87.7
Mercy South,MS 3W Med/Surg,2026-06-11,65,59,90.8
Mercy South,MS 3W Med/Surg,2026-06-12,65,74,113.8
Mercy South,MS 3W Med/Surg,2026-06-13,65,74,113.8
Mercy South,MS 3W Med/Surg,2026-06-14,65,61,93.8
Mercy South,MS 3W Med/Surg,2026-06-15,65,62,95.4
Mercy South,MS 3W Med/Surg,2026-06-16,65,62,95.4
Mercy South,MS 3W Med/Surg,2026-06-17,65,64,98.5
Mercy South,MS 3W Med/Surg,2026-06-18,65,65,100.0
Mercy South,MS 3W Med/Surg,2026-06-19,65,65,100.0
Mercy South,MS 3W Med/Surg,2026-06-20,65,67,103.1
Mercy South,MS 3W Med/Surg,2026-06-21,65,71,109.2
Mercy South,MS 3W Med/Surg,2026-06-22,65,66,101.5
Mercy South,MS 3W Med/Surg,2026-06-23,65,53,81.5
Mercy South,MS 3W Med/Surg,2026-06-24,65,55,84.6
Mercy South,MS 3W Med/Surg,2026-06-25,65,61,93.8
Mercy South,MS 3W Med/Surg,2026-06-26,65,58,89.2
Mercy South,MS 3W Med/Surg,2026-06-27,65,49,75.4
Mercy South,MS 3W Med/Surg,2026-06-28,65,55,84.6
Mercy South,MS 3W Med/Surg,2026-06-29,65,70,107.7
Mercy South,MS 3W Med/Surg,2026-06-30,65,64,98.5
Mercy South,MS 4E Telemetry,2026-01-01,34,17,50.0
Mercy South,MS 4E Telemetry,2026-01-02,34,18,52.9
Mercy South,MS 4E Telemetry,2026-01-03,34,25,73.5
Mercy South,MS 4E Telemetry,2026-01-04,34,22,64.7
Mercy South,MS 4E Telemetry,2026-01-05,34,29,85.3
Mercy South,MS 4E Telemetry,2026-01-06,34,30,88.2
Mercy South,MS 4E Telemetry,2026-01-07,34,31,91.2
Mercy South,MS 4E Telemetry,2026-01-08,34,29,85.3
Mercy South,MS 4E Telemetry,2026-01-09,34,27,79.4
Mercy South,MS 4E Telemetry,2026-01-10,34,24,70.6
Mercy South,MS 4E Telemetry,2026-01-11,34,25,73.5
Mercy South,MS 4E Telemetry,2026-01-12,34,29,85.3
Mercy South,MS 4E Telemetry,2026-01-13,34,30,88.2
Mercy South,MS 4E Telemetry,2026-01-14,34,28,82.4
Mercy South,MS 4E Telemetry,2026-01-15,34,26,76.5
Mercy South,MS 4E Telemetry,2026-01-16,34,28,82.4
Mercy South,MS 4E Telemetry,2026-01-17,34,21,61.8
Mercy South,MS 4E Telemetry,2026-01-18,34,28,82.4
Mercy South,MS 4E Telemetry,2026-01-19,34,19,55.9
Mercy South,MS 4E Telemetry,2026-01-20,34,24,70.6
Mercy South,MS 4E Telemetry,2026-01-21,34,29,85.3
Mercy South,MS 4E Telemetry,2026-01-22,34,27,79.4
Mercy South,MS 4E Telemetry,2026-01-23,34,34,100.0
Mercy South,MS 4E Telemetry,2026-01-24,34,32,94.1
Mercy South,MS 4E Telemetry,2026-01-25,34,27,79.4
Mercy South,MS 4E Telemetry,2026-01-26,34,25,73.5
Mercy South,MS 4E Telemetry,2026-01-27,34,33,97.1
Mercy South,MS 4E Telemetry,2026-01-28,34,27,79.4
Mercy South,MS 4E Telemetry,2026-01-29,34,30,88.2
Mercy South,MS 4E Telemetry,2026-01-30,34,30,88.2
Mercy South,MS 4E Telemetry,2026-01-31,34,33,97.1
Mercy South,MS 4E Telemetry,2026-02-01,34,28,82.4
Mercy South,MS 4E Telemetry,2026-02-02,34,25,73.5
Mercy South,MS 4E Telemetry,2026-02-03,34,24,70.6
Mercy South,MS 4E Telemetry,2026-02-04,34,25,73.5
Mercy South,MS 4E Telemetry,2026-02-05,34,28,82.4
Mercy South,MS 4E Telemetry,2026-02-06,34,28,82.4
Mercy South,MS 4E Telemetry,2026-02-07,34,28,82.4
Mercy South,MS 4E Telemetry,2026-02-08,34,20,58.8
Mercy South,MS 4E Telemetry,2026-02-09,34,22,64.7
Mercy South,MS 4E Telemetry,2026-02-10,34,21,61.8
Mercy South,MS 4E Telemetry,2026-02-11,34,18,52.9
Mercy South,MS 4E Telemetry,2026-02-12,34,26,76.5
Mercy South,MS 4E Telemetry,2026-02-13,34,32,94.1
Mercy South,MS 4E Telemetry,2026-02-14,34,27,79.4
Mercy South,MS 4E Telemetry,2026-02-15,34,38,111.8
Mercy South,MS 4E Telemetry,2026-02-16,34,32,94.1
Mercy South,MS 4E Telemetry,2026-02-17,34,35,102.9
Mercy South,MS 4E Telemetry,2026-02-18,34,35,102.9
Mercy South,MS 4E Telemetry,2026-02-19,34,35,102.9
Mercy South,MS 4E Telemetry,2026-02-20,34,35,102.9
Mercy South,MS 4E Telemetry,2026-02-21,34,30,88.2
Mercy South,MS 4E Telemetry,2026-02-22,34,29,85.3
Mercy South,MS 4E Telemetry,2026-02-23,34,26,76.5
Mercy South,MS 4E Telemetry,2026-02-24,34,24,70.6
Mercy South,MS 4E Telemetry,2026-02-25,34,23,67.6
Mercy South,MS 4E Telemetry,2026-02-26,34,24,70.6
Mercy South,MS 4E Telemetry,2026-02-27,34,23,67.6
Mercy South,MS 4E Telemetry,2026-02-28,34,23,67.6
Mercy South,MS 4E Telemetry,2026-03-01,34,22,64.7
Mercy South,MS 4E Telemetry,2026-03-02,34,22,64.7
Mercy South,MS 4E Telemetry,2026-03-03,34,23,67.6
Mercy South,MS 4E Telemetry,2026-03-04,34,30,88.2
Mercy South,MS 4E Telemetry,2026-03-05,34,30,88.2
Mercy South,MS 4E Telemetry,2026-03-06,34,30,88.2
Mercy South,MS 4E Telemetry,2026-03-07,34,29,85.3
Mercy South,MS 4E Telemetry,2026-03-08,34,33,97.1
Mercy South,MS 4E Telemetry,2026-03-09,34,33,97.1
Mercy South,MS 4E Telemetry,2026-03-10,34,33,97.1
Mercy South,MS 4E Telemetry,2026-03-11,34,34,100.0
Mercy South,MS 4E Telemetry,2026-03-12,34,35,102.9
Mercy South,MS 4E Telemetry,2026-03-13,34,34,100.0
Mercy South,MS 4E Telemetry,2026-03-14,34,33,97.1
Mercy South,MS 4E Telemetry,2026-03-15,34,19,55.9
Mercy South,MS 4E Telemetry,2026-03-16,34,19,55.9
Mercy South,MS 4E Telemetry,2026-03-17,34,19,55.9
Mercy South,MS 4E Telemetry,2026-03-18,34,24,70.6
Mercy South,MS 4E Telemetry,2026-03-19,34,23,67.6
Mercy South,MS 4E Telemetry,2026-03-20,34,24,70.6
Mercy South,MS 4E Telemetry,2026-03-21,34,24,70.6
Mercy South,MS 4E Telemetry,2026-03-22,34,22,64.7
Mercy South,MS 4E Telemetry,2026-03-23,34,19,55.9
Mercy South,MS 4E Telemetry,2026-03-24,34,26,76.5
Mercy South,MS 4E Telemetry,2026-03-25,34,26,76.5
Mercy South,MS 4E Telemetry,2026-03-26,34,27,79.4
Mercy South,MS 4E Telemetry,2026-03-27,34,27,79.4
Mercy South,MS 4E Telemetry,2026-03-28,34,28,82.4
Mercy South,MS 4E Telemetry,2026-03-29,34,29,85.3
Mercy South,MS 4E Telemetry,2026-03-30,34,28,82.4
Mercy South,MS 4E Telemetry,2026-03-31,34,27,79.4
Mercy South,MS 4E Telemetry,2026-04-01,34,24,70.6
Mercy South,MS 4E Telemetry,2026-04-02,34,28,82.4
Mercy South,MS 4E Telemetry,2026-04-03,34,29,85.3
Mercy South,MS 4E Telemetry,2026-04-04,34,21,61.8
Mercy South,MS 4E Telemetry,2026-04-05,34,28,82.4
Mercy South,MS 4E Telemetry,2026-04-06,34,27,79.4
Mercy South,MS 4E Telemetry,2026-04-07,34,26,76.5
Mercy South,MS 4E Telemetry,2026-04-08,34,34,100.0
Mercy South,MS 4E Telemetry,2026-04-09,34,39,114.7
Mercy South,MS 4E Telemetry,2026-04-10,34,38,111.8
Mercy South,MS 4E Telemetry,2026-04-11,34,34,100.0
Mercy South,MS 4E Telemetry,2026-04-12,34,29,85.3
Mercy South,MS 4E Telemetry,2026-04-13,34,28,82.4
Mercy South,MS 4E Telemetry,2026-04-14,34,33,97.1
Mercy South,MS 4E Telemetry,2026-04-15,34,32,94.1
Mercy South,MS 4E Telemetry,2026-04-16,34,27,79.4
Mercy South,MS 4E Telemetry,2026-04-17,34,21,61.8
Mercy South,MS 4E Telemetry,2026-04-18,34,22,64.7
Mercy South,MS 4E Telemetry,2026-04-19,34,32,94.1
Mercy South,MS 4E Telemetry,2026-04-20,34,37,108.8
Mercy South,MS 4E Telemetry,2026-04-21,34,38,111.8
Mercy South,MS 4E Telemetry,2026-04-22,34,35,102.9
Mercy South,MS 4E Telemetry,2026-04-23,34,43,126.5
Mercy South,MS 4E Telemetry,2026-04-24,34,45,132.4
Mercy South,MS 4E Telemetry,2026-04-25,34,43,126.5
Mercy South,MS 4E Telemetry,2026-04-26,34,34,100.0
Mercy South,MS 4E Telemetry,2026-04-27,34,34,100.0
Mercy South,MS 4E Telemetry,2026-04-28,34,33,97.1
Mercy South,MS 4E Telemetry,2026-04-29,34,32,94.1
Mercy South,MS 4E Telemetry,2026-04-30,34,32,94.1
Mercy South,MS 4E Telemetry,2026-05-01,34,32,94.1
Mercy South,MS 4E Telemetry,2026-05-02,34,32,94.1
Mercy South,MS 4E Telemetry,2026-05-03,34,32,94.1
Mercy South,MS 4E Telemetry,2026-05-04,34,36,105.9
Mercy South,MS 4E Telemetry,2026-05-05,34,32,94.1
Mercy South,MS 4E Telemetry,2026-05-06,34,30,88.2
Mercy South,MS 4E Telemetry,2026-05-07,34,30,88.2
Mercy South,MS 4E Telemetry,2026-05-08,34,29,85.3
Mercy South,MS 4E Telemetry,2026-05-09,34,30,88.2
Mercy South,MS 4E Telemetry,2026-05-10,34,33,97.1
Mercy South,MS 4E Telemetry,2026-05-11,34,35,102.9
Mercy South,MS 4E Telemetry,2026-05-12,34,38,111.8
Mercy South,MS 4E Telemetry,2026-05-13,34,35,102.9
Mercy South,MS 4E Telemetry,2026-05-14,34,31,91.2
Mercy South,MS 4E Telemetry,2026-05-15,34,33,97.1
Mercy South,MS 4E Telemetry,2026-05-16,34,33,97.1
Mercy South,MS 4E Telemetry,2026-05-17,34,31,91.2
Mercy South,MS 4E Telemetry,2026-05-18,34,37,108.8
Mercy South,MS 4E Telemetry,2026-05-19,34,28,82.4
Mercy South,MS 4E Telemetry,2026-05-20,34,27,79.4
Mercy South,MS 4E Telemetry,2026-05-21,34,29,85.3
Mercy South,MS 4E Telemetry,2026-05-22,34,33,97.1
Mercy South,MS 4E Telemetry,2026-05-23,34,30,88.2
Mercy South,MS 4E Telemetry,2026-05-24,34,28,82.4
Mercy South,MS 4E Telemetry,2026-05-25,34,30,88.2
Mercy South,MS 4E Telemetry,2026-05-26,34,35,102.9
Mercy South,MS 4E Telemetry,2026-05-27,34,40,117.6
Mercy South,MS 4E Telemetry,2026-05-28,34,34,100.0
Mercy South,MS 4E Telemetry,2026-05-29,34,28,82.4
Mercy South,MS 4E Telemetry,2026-05-30,34,33,97.1
Mercy South,MS 4E Telemetry,2026-05-31,34,38,111.8
Mercy South,MS 4E Telemetry,2026-06-01,34,31,91.2
Mercy South,MS 4E Telemetry,2026-06-02,34,38,111.8
Mercy South,MS 4E Telemetry,2026-06-03,34,38,111.8
Mercy South,MS 4E Telemetry,2026-06-04,34,37,108.8
Mercy South,MS 4E Telemetry,2026-06-05,34,37,108.8
Mercy South,MS 4E Telemetry,2026-06-06,34,39,114.7
Mercy South,MS 4E Telemetry,2026-06-07,34,35,102.9
Mercy South,MS 4E Telemetry,2026-06-08,34,30,88.2
Mercy South,MS 4E Telemetry,2026-06-09,34,22,64.7
Mercy South,MS 4E Telemetry,2026-06-10,34,27,79.4
Mercy South,MS 4E Telemetry,2026-06-11,34,30,88.2
Mercy South,MS 4E Telemetry,2026-06-12,34,29,85.3
Mercy South,MS 4E Telemetry,2026-06-13,34,32,94.1
Mercy South,MS 4E Telemetry,2026-06-14,34,33,97.1
Mercy South,MS 4E Telemetry,2026-06-15,34,32,94.1
Mercy South,MS 4E Telemetry,2026-06-16,34,30,88.2
Mercy South,MS 4E Telemetry,2026-06-17,34,32,94.1
Mercy South,MS 4E Telemetry,2026-06-18,34,24,70.6
Mercy South,MS 4E Telemetry,2026-06-19,34,28,82.4
Mercy South,MS 4E Telemetry,2026-06-20,34,25,73.5
Mercy South,MS 4E Telemetry,2026-06-21,34,20,58.8
Mercy South,MS 4E Telemetry,2026-06-22,34,20,58.8
Mercy South,MS 4E Telemetry,2026-06-23,34,27,79.4
Mercy South,MS 4E Telemetry,2026-06-24,34,32,94.1
Mercy South,MS 4E Telemetry,2026-06-25,34,32,94.1
Mercy South,MS 4E Telemetry,2026-06-26,34,35,102.9
Mercy South,MS 4E Telemetry,2026-06-27,34,35,102.9
Mercy South,MS 4E Telemetry,2026-06-28,34,24,70.6
Mercy South,MS 4E Telemetry,2026-06-29,34,21,61.8
Mercy South,MS 4E Telemetry,2026-06-30,34,21,61.8
Mercy South,MS ICU,2026-01-01,17,14,82.4
Mercy South,MS ICU,2026-01-02,17,10,58.8
Mercy South,MS ICU,2026-01-03,17,7,41.2
Mercy South,MS ICU,2026-01-04,17,11,64.7
Mercy South,MS ICU,2026-01-05,17,9,52.9
Mercy South,MS ICU,2026-01-06,17,8,47.1
Mercy South,MS ICU,2026-01-07,17,6,35.3
Mercy South,MS ICU,2026-01-08,17,11,64.7
Mercy South,MS ICU,2026-01-09,17,11,64.7
Mercy South,MS ICU,2026-01-10,17,14,82.4
Mercy South,MS ICU,2026-01-11,17,10,58.8
Mercy South,MS ICU,2026-01-12,17,11,64.7
Mercy South,MS ICU,2026-01-13,17,18,105.9
Mercy South,MS ICU,2026-01-14,17,17,100.0
Mercy South,MS ICU,2026-01-15,17,18,105.9
Mercy South,MS ICU,2026-01-16,17,17,100.0
Mercy South,MS ICU,2026-01-17,17,22,129.4
Mercy South,MS ICU,2026-01-18,17,21,123.5
Mercy South,MS ICU,2026-01-19,17,20,117.6
Mercy South,MS ICU,2026-01-20,17,19,111.8
Mercy South,MS ICU,2026-01-21,17,21,123.5
Mercy South,MS ICU,2026-01-22,17,15,88.2
Mercy South,MS ICU,2026-01-23,17,13,76.5
Mercy South,MS ICU,2026-01-24,17,17,100.0
Mercy South,MS ICU,2026-01-25,17,15,88.2
Mercy South,MS ICU,2026-01-26,17,17,100.0
Mercy South,MS ICU,2026-01-27,17,16,94.1
Mercy South,MS ICU,2026-01-28,17,15,88.2
Mercy South,MS ICU,2026-01-29,17,13,76.5
Mercy South,MS ICU,2026-01-30,17,15,88.2
Mercy South,MS ICU,2026-01-31,17,16,94.1
Mercy South,MS ICU,2026-02-01,17,20,117.6
Mercy South,MS ICU,2026-02-02,17,18,105.9
Mercy South,MS ICU,2026-02-03,17,17,100.0
Mercy South,MS ICU,2026-02-04,17,16,94.1
Mercy South,MS ICU,2026-02-05,17,15,88.2
Mercy South,MS ICU,2026-02-06,17,19,111.8
Mercy South,MS ICU,2026-02-07,17,21,123.5
Mercy South,MS ICU,2026-02-08,17,21,123.5
Mercy South,MS ICU,2026-02-09,17,18,105.9
Mercy South,MS ICU,2026-02-10,17,14,82.4
Mercy South,MS ICU,2026-02-11,17,20,117.6
Mercy South,MS ICU,2026-02-12,17,16,94.1
Mercy South,MS ICU,2026-02-13,17,18,105.9
Mercy South,MS ICU,2026-02-14,17,19,111.8
Mercy South,MS ICU,2026-02-15,17,21,123.5
Mercy South,MS ICU,2026-02-16,17,18,105.9
Mercy South,MS ICU,2026-02-17,17,13,76.5
Mercy South,MS ICU,2026-02-18,17,13,76.5
Mercy South,MS ICU,2026-02-19,17,12,70.6
Mercy South,MS ICU,2026-02-20,17,14,82.4
Mercy South,MS ICU,2026-02-21,17,13,76.5
Mercy South,MS ICU,2026-02-22,17,9,52.9
Mercy South,MS ICU,2026-02-23,17,8,47.1
Mercy South,MS ICU,2026-02-24,17,10,58.8
Mercy South,MS ICU,2026-02-25,17,9,52.9
Mercy South,MS ICU,2026-02-26,17,8,47.1
Mercy South,MS ICU,2026-02-27,17,12,70.6
Mercy South,MS ICU,2026-02-28,17,11,64.7
Mercy South,MS ICU,2026-03-01,17,10,58.8
Mercy South,MS ICU,2026-03-02,17,11,64.7
Mercy South,MS ICU,2026-03-03,17,16,94.1
Mercy South,MS ICU,2026-03-04,17,14,82.4
Mercy South,MS ICU,2026-03-05,17,15,88.2
Mercy South,MS ICU,2026-03-06,17,9,52.9
Mercy South,MS ICU,2026-03-07,17,12,70.6
Mercy South,MS ICU,2026-03-08,17,10,58.8
Mercy South,MS ICU,2026-03-09,17,15,88.2
Mercy South,MS ICU,2026-03-10,17,13,76.5
Mercy South,MS ICU,2026-03-11,17,11,64.7
Mercy South,MS ICU,2026-03-12,17,9,52.9
Mercy South,MS ICU,2026-03-13,17,8,47.1
Mercy South,MS ICU,2026-03-14,17,8,47.1
Mercy South,MS ICU,2026-03-15,17,6,35.3
Mercy South,MS ICU,2026-03-16,17,10,58.8
Mercy South,MS ICU,2026-03-17,17,11,64.7
Mercy South,MS ICU,2026-03-18,17,14,82.4
Mercy South,MS ICU,2026-03-19,17,12,70.6
Mercy South,MS ICU,2026-03-20,17,14,82.4
Mercy South,MS ICU,2026-03-21,17,15,88.2
Mercy South,MS ICU,2026-03-22,17,16,94.1
Mercy South,MS ICU,2026-03-23,17,17,100.0
Mercy South,MS ICU,2026-03-24,17,16,94.1
Mercy South,MS ICU,2026-03-25,17,15,88.2
Mercy South,MS ICU,2026-03-26,17,15,88.2
Mercy South,MS ICU,2026-03-27,17,14,82.4
Mercy South,MS ICU,2026-03-28,17,14,82.4
Mercy South,MS ICU,2026-03-29,17,11,64.7
Mercy South,MS ICU,2026-03-30,17,10,58.8
Mercy South,MS ICU,2026-03-31,17,10,58.8
Mercy South,MS ICU,2026-04-01,17,10,58.8
Mercy South,MS ICU,2026-04-02,17,7,41.2
Mercy South,MS ICU,2026-04-03,17,9,52.9
Mercy South,MS ICU,2026-04-04,17,12,70.6
Mercy South,MS ICU,2026-04-05,17,15,88.2
Mercy South,MS ICU,2026-04-06,17,16,94.1
Mercy South,MS ICU,2026-04-07,17,18,105.9
Mercy South,MS ICU,2026-04-08,17,15,88.2
Mercy South,MS ICU,2026-04-09,17,14,82.4
Mercy South,MS ICU,2026-04-10,17,13,76.5
Mercy South,MS ICU,2026-04-11,17,15,88.2
Mercy South,MS ICU,2026-04-12,17,14,82.4
Mercy South,MS ICU,2026-04-13,17,12,70.6
Mercy South,MS ICU,2026-04-14,17,11,64.7
Mercy South,MS ICU,2026-04-15,17,11,64.7
Mercy South,MS ICU,2026-04-16,17,10,58.8
Mercy South,MS ICU,2026-04-17,17,18,105.9
Mercy South,MS ICU,2026-04-18,17,15,88.2
Mercy South,MS ICU,2026-04-19,17,18,105.9
Mercy South,MS ICU,2026-04-20,17,16,94.1
Mercy South,MS ICU,2026-04-21,17,16,94.1
Mercy South,MS ICU,2026-04-22,17,15,88.2
Mercy South,MS ICU,2026-04-23,17,18,105.9
Mercy South,MS ICU,2026-04-24,17,18,105.9
Mercy South,MS ICU,2026-04-25,17,16,94.1
Mercy South,MS ICU,2026-04-26,17,11,64.7
Mercy South,MS ICU,2026-04-27,17,12,70.6
Mercy South,MS ICU,2026-04-28,17,13,76.5
Mercy South,MS ICU,2026-04-29,17,15,88.2
Mercy South,MS ICU,2026-04-30,17,13,76.5
Mercy South,MS ICU,2026-05-01,17,16,94.1
Mercy South,MS ICU,2026-05-02,17,14,82.4
Mercy South,MS ICU,2026-05-03,17,11,64.7
Mercy South,MS ICU,2026-05-04,17,15,88.2
Mercy South,MS ICU,2026-05-05,17,15,88.2
Mercy South,MS ICU,2026-05-06,17,14,82.4
Mercy South,MS ICU,2026-05-07,17,15,88.2
Mercy South,MS ICU,2026-05-08,17,9,52.9
Mercy South,MS ICU,2026-05-09,17,12,70.6
Mercy South,MS ICU,2026-05-10,17,17,100.0
Mercy South,MS ICU,2026-05-11,17,16,94.1
Mercy South,MS ICU,2026-05-12,17,13,76.5
Mercy South,MS ICU,2026-05-13,17,11,64.7
Mercy South,MS ICU,2026-05-14,17,9,52.9
Mercy South,MS ICU,2026-05-15,17,11,64.7
Mercy South,MS ICU,2026-05-16,17,17,100.0
Mercy South,MS ICU,2026-05-17,17,15,88.2
Mercy South,MS ICU,2026-05-18,17,15,88.2
Mercy South,MS ICU,2026-05-19,17,15,88.2
Mercy South,MS ICU,2026-05-20,17,10,58.8
Mercy South,MS ICU,2026-05-21,17,11,64.7
Mercy South,MS ICU,2026-05-22,17,9,52.9
Mercy South,MS ICU,2026-05-23,17,14,82.4
Mercy South,MS ICU,2026-05-24,17,15,88.2
Mercy South,MS ICU,2026-05-25,17,18,105.9
Mercy South,MS ICU,2026-05-26,17,18,105.9
Mercy South,MS ICU,2026-05-27,17,20,117.6
Mercy South,MS ICU,2026-05-28,17,16,94.1
Mercy South,MS ICU,2026-05-29,17,14,82.4
Mercy South,MS ICU,2026-05-30,17,12,70.6
Mercy South,MS ICU,2026-05-31,17,11,64.7
Mercy South,MS ICU,2026-06-01,17,13,76.5
Mercy South,MS ICU,2026-06-02,17,17,100.0
Mercy South,MS ICU,2026-06-03,17,14,82.4
Mercy South,MS ICU,2026-06-04,17,10,58.8
Mercy South,MS ICU,2026-06-05,17,10,58.8
Mercy South,MS ICU,2026-06-06,17,13,76.5
Mercy South,MS ICU,2026-06-07,17,12,70.6
Mercy South,MS ICU,2026-06-08,17,11,64.7
Mercy South,MS ICU,2026-06-09,17,16,94.1
Mercy South,MS ICU,2026-06-10,17,12,70.6
Mercy South,MS ICU,2026-06-11,17,13,76.5
Mercy South,MS ICU,2026-06-12,17,17,100.0
Mercy South,MS ICU,2026-06-13,17,20,117.6
Mercy South,MS ICU,2026-06-14,17,19,111.8
Mercy South,MS ICU,2026-06-15,17,21,123.5
Mercy South,MS ICU,2026-06-16,17,22,129.4
Mercy South,MS ICU,2026-06-17,17,21,123.5
Mercy South,MS ICU,2026-06-18,17,18,105.9
Mercy South,MS ICU,2026-06-19,17,16,94.1
Mercy South,MS ICU,2026-06-20,17,15,88.2
Mercy South,MS ICU,2026-06-21,17,10,58.8
Mercy South,MS ICU,2026-06-22,17,11,64.7
Mercy South,MS ICU,2026-06-23,17,10,58.8
Mercy South,MS ICU,2026-06-24,17,9,52.9
Mercy South,MS ICU,2026-06-25,17,9,52.9
Mercy South,MS ICU,2026-06-26,17,8,47.1
Mercy South,MS ICU,2026-06-27,17,15,88.2
Mercy South,MS ICU,2026-06-28,17,13,76.5
Mercy South,MS ICU,2026-06-29,17,18,105.9
Mercy South,MS ICU,2026-06-30,17,14,82.4
