facility,nurse_unit,fin,mrn,result_name,result_val,verified_dt_tm,minutes_to_call
Mercy North,MN ED,MN30069829,07022178,Potassium,2.3,2026-06-30 16:13:35,NOT DOCUMENTED
Lakeside Regional,LR ED,LR30069732,07061376,Lactate,6.0,2026-06-29 09:07:44,NOT DOCUMENTED
Mercy North,MN 3W Med/Surg,MN30068799,07060543,Potassium,8.5,2026-06-29 06:00:30,33
Lakeside Regional,LR ED,LR30069330,07061023,Potassium,2.6,2026-06-28 18:09:47,41
Lakeside Regional,LR 3W Med/Surg,LR30068333,07060125,Potassium,9.3,2026-06-28 05:53:51,35
Mercy North,MN ED,MN30068781,07060527,Troponin I,0.664,2026-06-27 09:54:22,34
Mercy South,MS 3W Med/Surg,MS30068171,07059977,Sodium,199,2026-06-26 18:08:57,NOT DOCUMENTED
Mercy South,MS 3W Med/Surg,MS30068231,07060033,Sodium,190,2026-06-26 09:13:15,NOT DOCUMENTED
Lakeside Regional,LR 3W Med/Surg,LR30067587,07059469,Sodium,97,2026-06-26 05:57:30,51
Mercy North,MN ED,MN30068021,07059846,Potassium,8.1,2026-06-25 20:22:28,40
Mercy South,MS ED,MS30068209,07027235,Potassium,6.4,2026-06-25 08:12:53,NOT DOCUMENTED
Mercy North,MN 4E Telemetry,MN30071513,07057031,Hemoglobin,21.7,2026-06-25 07:03:33,NOT DOCUMENTED
Mercy South,MS ED,MS30067756,07059618,Potassium,2.2,2026-06-25 01:10:18,NOT DOCUMENTED
Mercy South,MS 3W Med/Surg,MS30065976,07058033,Potassium,9.7,2026-06-24 06:04:21,44
Mercy North,MN 4E Telemetry,MN30066543,07058534,WBC,35.3,2026-06-24 05:23:23,50
Mercy South,MS ED,MS30067452,07059347,Hemoglobin,5.5,2026-06-23 21:32:55,48
Lakeside Regional,LR ED,LR30067522,07059408,Troponin I,0.577,2026-06-23 17:15:28,NOT DOCUMENTED
Mercy South,MS 3W Med/Surg,MS30066043,07058095,Potassium,8.9,2026-06-23 06:48:45,38
Mercy South,MS 3W Med/Surg,MS30064460,07056710,Sodium,112,2026-06-22 05:20:30,44
Lakeside Regional,LR ED,LR30067115,07058700,Potassium,2.2,2026-06-22 01:24:49,33
Mercy South,MS ED,MS30066602,07058589,Potassium,7.0,2026-06-21 20:48:55,33
Mercy North,MN ED,MN30066593,07058580,Potassium,9.7,2026-06-21 20:08:22,33
Mercy South,MS 3W Med/Surg,MS30071427,07053305,Troponin I,0.786,2026-06-21 18:58:27,NOT DOCUMENTED
Lakeside Regional,LR ED,LR30066492,07058491,Troponin I,0.529,2026-06-20 23:41:37,32
Lakeside Regional,LR ED,LR30066109,07058156,WBC,43.5,2026-06-19 12:15:26,34
Mercy North,MN 3W Med/Surg,MN30065125,07057292,Hemoglobin,21.9,2026-06-19 06:18:53,31
Lakeside Regional,LR 3W Med/Surg,LR30065014,07057195,Sodium,116,2026-06-18 20:29:39,NOT DOCUMENTED
Mercy South,MS ED,MS30065657,07057758,Potassium,2.2,2026-06-18 10:48:49,86
Lakeside Regional,LR ED,LR30065359,07057496,Troponin I,0.783,2026-06-17 16:07:00,NOT DOCUMENTED
Lakeside Regional,LR ICU,LR30064135,07056431,Sodium,246,2026-06-17 06:43:13,NOT DOCUMENTED
Mercy North,MN 4E Telemetry,MN30064726,07056946,Hemoglobin,6.0,2026-06-17 05:21:30,NOT DOCUMENTED
Lakeside Regional,LR 3W Med/Surg,LR30063638,07055990,Hemoglobin,5.9,2026-06-16 05:18:32,107
Mercy South,MS ED,MS30064085,07056388,Potassium,2.4,2026-06-14 23:41:44,37
Mercy North,MN ED,MN30063913,07056241,Lactate,5.3,2026-06-14 15:59:52,NOT DOCUMENTED
Mercy South,MS 4E Telemetry,MS30063850,07056186,Potassium,6.9,2026-06-14 05:28:36,NOT DOCUMENTED
Mercy North,MN ED,MN30063746,07056090,Troponin I,0.735,2026-06-13 21:32:10,50
Mercy South,MS ED,MS30063797,07056139,Potassium,8.7,2026-06-13 10:44:19,49
Lakeside Regional,LR 3W Med/Surg,LR30062800,07055248,Potassium,6.5,2026-06-12 06:39:35,33
Mercy North,MN ED,MN30062909,07055343,Sodium,95,2026-06-12 00:11:39,41
Lakeside Regional,LR 3W Med/Surg,LR30061330,07053938,WBC,31.1,2026-06-09 06:06:42,30
Mercy North,MN ED,MN30061739,07054306,Hemoglobin,5.4,2026-06-08 23:00:43,NOT DOCUMENTED
Mercy North,MN 4E Telemetry,MN30060065,07052820,Hemoglobin,31.0,2026-06-08 06:13:10,45
Lakeside Regional,LR 3W Med/Surg,LR30061058,07053691,Sodium,115,2026-06-08 06:12:31,NOT DOCUMENTED
Mercy North,MN ED,MN30061442,07054036,Lactate,4.5,2026-06-07 22:51:20,NOT DOCUMENTED
Lakeside Regional,LR ED,LR30061635,07054211,Hemoglobin,20.6,2026-06-07 21:36:12,38
Lakeside Regional,LR ED,LR30061596,07054175,Potassium,2.2,2026-06-07 20:22:12,31
Mercy South,MS 4E Telemetry,MS30059426,07052250,Hemoglobin,5.4,2026-06-06 06:00:59,33
Mercy North,MN 3W Med/Surg,MN30059245,07052090,Hemoglobin,5.7,2026-06-05 06:28:57,50
Mercy North,MN 3W Med/Surg,MN30059703,07052503,Lactate,5.5,2026-06-05 05:48:21,36
Mercy North,MN 3W Med/Surg,MN30060035,07052794,WBC,1.2,2026-06-05 05:37:39,34
Mercy South,MS ED,MS30060579,07053263,Potassium,7.7,2026-06-04 22:25:57,NOT DOCUMENTED
Mercy South,MS ED,MS30060553,07053241,WBC,1.3,2026-06-04 14:06:10,36
Mercy South,MS ED,MS30060510,07053203,Troponin I,0.528,2026-06-04 11:57:06,NOT DOCUMENTED
Mercy North,MN 4E Telemetry,MN30058349,07051307,Hemoglobin,29.8,2026-06-04 06:28:15,39
Lakeside Regional,LR ED,LR30060296,07053022,Hemoglobin,5.9,2026-06-03 12:43:38,43
Mercy South,MS ED,MS30059066,07051929,WBC,32.0,2026-05-31 12:35:50,NOT DOCUMENTED
Mercy North,MN 4E Telemetry,MN30057879,07050902,Potassium,8.6,2026-05-30 06:52:12,NOT DOCUMENTED
Mercy South,MS ED,MS30057643,07014562,Lactate,6.2,2026-05-27 16:08:27,55
Mercy South,MS ED,MS30057689,07050731,Troponin I,0.663,2026-05-27 10:43:55,NOT DOCUMENTED
Mercy South,MS 4E Telemetry,MS30056837,07049970,Hemoglobin,21.6,2026-05-26 07:33:18,NOT DOCUMENTED
Mercy North,MN 3W Med/Surg,MN30056119,07049331,Hemoglobin,20.8,2026-05-26 06:47:53,NOT DOCUMENTED
Mercy South,MS 4E Telemetry,MS30055088,07048410,WBC,1.2,2026-05-26 05:24:05,32
Mercy South,MS 3W Med/Surg,MS30055089,07048411,Potassium,2.2,2026-05-26 05:03:17,NOT DOCUMENTED
Mercy North,MN 4E Telemetry,MN30055412,07040619,Sodium,212,2026-05-24 07:59:37,42
Mercy South,MS ED,MS30056429,07049604,Hemoglobin,22.2,2026-05-24 07:49:32,32
Mercy North,MN 4E Telemetry,MN30055732,07013957,WBC,47.1,2026-05-24 07:09:08,37
Lakeside Regional,LR 4E Telemetry,LR30071294,07047311,WBC,1.4,2026-05-24 05:28:44,37
Mercy South,MS ED,MS30056219,07049421,Potassium,2.6,2026-05-23 23:49:49,NOT DOCUMENTED
Mercy South,MS ED,MS30056190,07049397,Lactate,4.3,2026-05-23 21:44:02,33
Mercy South,MS 3W Med/Surg,MS30053364,07046894,Hemoglobin,23.8,2026-05-23 07:57:06,33
Mercy South,MS 4E Telemetry,MS30055560,07048836,WBC,35.4,2026-05-23 07:30:36,NOT DOCUMENTED
Mercy North,MN 4E Telemetry,MN30055396,07048691,Potassium,8.8,2026-05-23 06:03:50,NOT DOCUMENTED
Mercy South,MS 3W Med/Surg,MS30055486,07048770,Potassium,6.4,2026-05-22 06:21:40,39
Lakeside Regional,LR ICU,LR30053801,07047279,Hemoglobin,29.4,2026-05-21 08:51:32,50
Mercy North,MN 4E Telemetry,MN30053901,07047365,WBC,42.3,2026-05-21 07:19:48,40
Lakeside Regional,LR 3W Med/Surg,LR30054453,07047846,Potassium,8.2,2026-05-21 05:40:58,NOT DOCUMENTED
Lakeside Regional,LR ED,LR30055244,07048557,Troponin I,0.552,2026-05-20 14:56:09,34
Mercy North,MN ED,MN30054956,07048294,Hemoglobin,25.1,2026-05-20 13:01:27,NOT DOCUMENTED
Mercy South,MS 3W Med/Surg,MS30054379,07047781,Potassium,8.6,2026-05-20 06:00:16,35
Lakeside Regional,LR ED,LR30054899,07048243,WBC,47.1,2026-05-19 15:40:19,NOT DOCUMENTED
Mercy South,MS ED,MS30054766,07048124,Lactate,5.7,2026-05-19 11:01:07,NOT DOCUMENTED
Mercy South,MS ICU,MS30054255,07047671,Hemoglobin,29.7,2026-05-19 06:55:14,66
Mercy North,MN 4E Telemetry,MN30053851,07047323,Hemoglobin,25.4,2026-05-19 05:44:42,NOT DOCUMENTED
Mercy South,MS ED,MS30054319,07047729,Hemoglobin,23.6,2026-05-18 10:23:12,NOT DOCUMENTED
Mercy North,MN ED,MN30053655,07047146,Potassium,9.6,2026-05-16 15:54:19,NOT DOCUMENTED
Mercy South,MS ED,MS30053362,07046892,Troponin I,0.579,2026-05-15 13:21:48,37
Mercy North,MN 3W Med/Surg,MN30051683,07045383,Hemoglobin,21.8,2026-05-15 07:18:17,37
Mercy South,MS 3W Med/Surg,MS30052207,07045860,Hemoglobin,25.4,2026-05-15 06:33:55,33
Mercy North,MN ED,MN30052875,07046450,Potassium,8.7,2026-05-14 13:26:11,34
Mercy North,MN 4E Telemetry,MN30071201,07043173,Potassium,8.0,2026-05-13 08:03:27,48
Mercy North,MN 3W Med/Surg,MN30051374,07045112,Potassium,7.2,2026-05-13 06:05:55,31
Mercy North,MN 3W Med/Surg,MN30049874,07035012,Sodium,107,2026-05-13 05:59:27,NOT DOCUMENTED
Mercy North,MN 4E Telemetry,MN30071201,07043173,Troponin I,0.630,2026-05-11 19:06:20,43
Mercy South,MS ED,MS30051807,07045496,Sodium,173,2026-05-11 14:15:38,58
Mercy North,MN ED,MN30051338,07045078,WBC,38.6,2026-05-10 22:33:27,NOT DOCUMENTED
Mercy South,MS ED,MS30051522,07045245,Troponin I,0.631,2026-05-10 18:04:42,32
Mercy South,MS 3W Med/Surg,MS30071204,07043259,Sodium,103,2026-05-10 06:46:10,NOT DOCUMENTED
Mercy North,MN ED,MN30051146,07044905,Hemoglobin,31.3,2026-05-09 21:04:43,33
Lakeside Regional,LR ED,LR30051302,07045045,Troponin I,0.734,2026-05-09 11:25:04,NOT DOCUMENTED
Mercy North,MN 4E Telemetry,MN30049522,07043465,Sodium,231,2026-05-09 07:10:23,55
Mercy North,MN 4E Telemetry,MN30049131,07043133,Hemoglobin,27.2,2026-05-08 07:54:39,NOT DOCUMENTED
Lakeside Regional,LR 3W Med/Surg,LR30050159,07044038,Sodium,181,2026-05-08 06:23:37,60
Mercy South,MS 3W Med/Surg,MS30049316,07043287,Potassium,8.4,2026-05-08 06:08:05,NOT DOCUMENTED
Mercy South,MS ED,MS30050502,07044340,Troponin I,0.530,2026-05-07 23:08:43,NOT DOCUMENTED
Mercy South,MS ED,MS30050052,07043941,Potassium,9.3,2026-05-06 20:07:01,36
Lakeside Regional,LR 3W Med/Surg,LR30048751,07042806,Potassium,2.2,2026-05-06 13:21:54,NOT DOCUMENTED
Lakeside Regional,LR 3W Med/Surg,LR30049073,07043085,Hemoglobin,29.8,2026-05-05 06:02:45,37
Lakeside Regional,LR 3W Med/Surg,LR30071087,07038697,Hemoglobin,6.4,2026-05-05 06:01:11,49
Mercy North,MN 4E Telemetry,MN30048177,07042290,Potassium,9.8,2026-05-05 06:00:15,64
Mercy North,MN 3W Med/Surg,MN30049080,07027715,Potassium,8.7,2026-05-04 23:25:58,NOT DOCUMENTED
Mercy North,MN ED,MN30049079,07040807,Lactate,5.6,2026-05-04 22:49:31,31
Mercy North,MN ED,MN30048827,07042871,Troponin I,0.691,2026-05-03 17:53:45,NOT DOCUMENTED
Mercy South,MS ED,MS30048909,07042945,Potassium,7.1,2026-05-03 14:46:22,33
Mercy South,MS ED,MS30048977,07043001,WBC,1.2,2026-05-03 14:32:10,38
Mercy North,MN ED,MN30048788,07042838,Lactate,6.4,2026-05-03 13:32:52,55
Mercy North,MN ED,MN30048833,07042877,Potassium,2.3,2026-05-03 11:20:32,NOT DOCUMENTED
Lakeside Regional,LR 4E Telemetry,LR30048043,07042173,Hemoglobin,22.8,2026-05-03 06:42:27,33
Mercy North,MN 4E Telemetry,MN30047013,07032906,Potassium,7.4,2026-05-02 06:59:48,46
Mercy South,MS 4E Telemetry,MS30047491,07041688,Hemoglobin,29.2,2026-05-02 06:25:50,43
Mercy South,MS ED,MS30048339,07042434,Hemoglobin,5.9,2026-05-01 22:39:30,35
Mercy North,MN 3W Med/Surg,MN30047733,07041904,Hemoglobin,5.8,2026-05-01 06:06:20,33
Mercy South,MS ED,MS30047915,07042065,Hemoglobin,24.6,2026-04-30 20:46:28,NOT DOCUMENTED
Mercy North,MN ED,MN30047765,07041932,Lactate,5.7,2026-04-30 18:55:34,42
Mercy North,MN 4E Telemetry,MN30047383,07041594,Potassium,2.6,2026-04-30 05:33:58,57
Mercy North,MN ED,MN30047375,07041586,Lactate,4.2,2026-04-29 17:41:36,45
Mercy North,MN 3W Med/Surg,MN30046229,07040551,Hemoglobin,6.7,2026-04-29 07:03:42,54
Lakeside Regional,LR 3W Med/Surg,LR30045906,07040266,Hemoglobin,5.5,2026-04-28 07:07:25,142
Mercy North,MN 4E Telemetry,MN30045570,07039981,Hemoglobin,6.7,2026-04-28 05:39:29,46
Mercy North,MN 3W Med/Surg,MN30046300,07040614,Hemoglobin,5.5,2026-04-27 07:27:25,NOT DOCUMENTED
Mercy North,MN ED,MN30046230,07040552,Potassium,2.7,2026-04-26 10:38:23,NOT DOCUMENTED
Mercy South,MS ED,MS30046050,07040394,Lactate,5.9,2026-04-25 17:26:17,NOT DOCUMENTED
Mercy North,MN 4E Telemetry,MN30044803,07039302,Potassium,2.3,2026-04-25 06:07:57,39
Lakeside Regional,LR 4E Telemetry,LR30045467,07039886,Sodium,97,2026-04-25 06:05:21,NOT DOCUMENTED
Lakeside Regional,LR ED,LR30045845,07040210,Troponin I,0.694,2026-04-25 03:08:07,35
Lakeside Regional,LR ED,LR30045866,07040229,Troponin I,0.752,2026-04-24 21:59:15,NOT DOCUMENTED
Mercy South,MS 3W Med/Surg,MS30045314,07039747,WBC,33.1,2026-04-24 06:17:13,46
Mercy North,MN ED,MN30045179,07039631,Potassium,6.6,2026-04-23 11:50:56,32
Mercy South,MS ED,MS30045384,07039811,Lactate,5.5,2026-04-23 06:11:29,NOT DOCUMENTED
Mercy North,MN 4E Telemetry,MN30043089,07037798,Hemoglobin,5.4,2026-04-23 05:54:58,94
Mercy North,MN ED,MN30044792,07039292,Troponin I,0.581,2026-04-22 19:12:25,30
Mercy South,MS ED,MS30044986,07039466,Hemoglobin,5.5,2026-04-22 08:47:20,38
Mercy North,MN ICU,MN30044067,07038670,Sodium,102,2026-04-22 02:15:46,NOT DOCUMENTED
Mercy South,MS 3W Med/Surg,MS30043259,07037950,Hemoglobin,5.8,2026-04-20 06:52:20,42
Lakeside Regional,LR ED,LR30043965,07038574,Potassium,6.7,2026-04-19 11:25:54,NOT DOCUMENTED
Mercy North,MN ICU,MN30043557,07038208,Potassium,7.7,2026-04-19 06:47:52,41
Lakeside Regional,LR ED,LR30043684,07038322,Troponin I,0.620,2026-04-18 09:56:17,55
Mercy North,MN ED,MN30071030,07036842,Lactate,5.4,2026-04-17 18:47:12,31
Mercy South,MS 4E Telemetry,MS30042540,07037300,Potassium,9.5,2026-04-17 06:44:54,32
Mercy North,MN ICU,MN30041906,07036757,Lactate,5.6,2026-04-16 02:23:22,NOT DOCUMENTED
Mercy South,MS ED,MS30042525,07037288,Hemoglobin,6.6,2026-04-15 23:48:14,NOT DOCUMENTED
Lakeside Regional,LR ED,LR30042641,07037390,Sodium,108,2026-04-15 07:21:22,39
Mercy North,MN 3W Med/Surg,MN30041566,07036455,Potassium,6.7,2026-04-15 05:54:19,35
Lakeside Regional,LR 4E Telemetry,LR30040550,07035553,Potassium,9.0,2026-04-15 05:17:32,73
Mercy North,MN 3W Med/Surg,MN30039947,07035013,Potassium,8.4,2026-04-14 17:40:30,NOT DOCUMENTED
Mercy North,MN 3W Med/Surg,MN30041258,07036178,Hemoglobin,5.5,2026-04-14 07:37:25,NOT DOCUMENTED
Lakeside Regional,LR 4E Telemetry,LR30041477,07036373,Potassium,9.5,2026-04-14 06:09:21,71
Mercy North,MN 4E Telemetry,MN30041255,07036175,WBC,41.8,2026-04-13 07:54:12,109
Mercy North,MN ED,MN30041274,07036194,Troponin I,0.706,2026-04-13 01:05:27,33
Mercy North,MN 4E Telemetry,MN30039910,07034982,Troponin I,0.603,2026-04-12 23:33:26,NOT DOCUMENTED
Mercy North,MN 3W Med/Surg,MN30040220,07035255,WBC,33.0,2026-04-12 07:24:23,35
Mercy South,MS 3W Med/Surg,MS30070725,07023457,Potassium,2.1,2026-04-12 06:06:13,36
Mercy North,MN ED,MN30041015,07035964,Lactate,6.3,2026-04-11 08:14:26,35
Mercy South,MS 3W Med/Surg,MS30040443,07035457,Potassium,2.4,2026-04-11 08:06:52,NOT DOCUMENTED
Mercy North,MN 3W Med/Surg,MN30039102,07034274,Potassium,7.8,2026-04-11 06:07:59,46
Mercy South,MS ED,MS30040803,07035777,Troponin I,0.623,2026-04-10 19:22:13,31
Mercy South,MS ED,MS30039996,07035057,Lactate,4.4,2026-04-08 17:10:35,37
Mercy North,MN ED,MN30039942,07035009,Troponin I,0.555,2026-04-08 13:34:21,79
Mercy North,MN 3W Med/Surg,MN30039175,07034337,Potassium,7.0,2026-04-08 07:14:41,NOT DOCUMENTED
Mercy South,MS ED,MS30039694,07034792,Troponin I,0.581,2026-04-07 12:10:38,NOT DOCUMENTED
Mercy North,MN 4E Telemetry,MN30038157,07033469,Potassium,7.0,2026-04-07 06:30:12,NOT DOCUMENTED
Lakeside Regional,LR 3W Med/Surg,LR30039059,07034238,Potassium,8.3,2026-04-07 05:15:44,33
Mercy North,MN 4E Telemetry,MN30038854,07034063,Potassium,2.6,2026-04-06 06:12:43,33
Lakeside Regional,LR ICU,LR30036601,07032096,Hemoglobin,30.9,2026-04-05 06:04:20,31
Lakeside Regional,LR ED,LR30038763,07033984,Hemoglobin,24.2,2026-04-04 16:34:21,NOT DOCUMENTED
Lakeside Regional,LR 3W Med/Surg,LR30036970,07032433,Hemoglobin,6.3,2026-04-04 06:32:13,54
Mercy South,MS 4E Telemetry,MS30037266,07032686,Sodium,92,2026-04-03 08:48:59,60
Mercy North,MN 4E Telemetry,MN30037062,07032511,Potassium,2.6,2026-04-03 06:26:38,NOT DOCUMENTED
Lakeside Regional,LR ED,LR30038115,07033437,Lactate,5.1,2026-04-03 03:17:29,NOT DOCUMENTED
Mercy South,MS ED,MS30037544,07010193,Lactate,5.7,2026-04-01 13:59:41,33
Mercy South,MS ED,MS30037608,07032990,Troponin I,0.727,2026-04-01 06:50:05,NOT DOCUMENTED
Lakeside Regional,LR 4E Telemetry,LR30036320,07031856,Hemoglobin,30.9,2026-04-01 06:37:40,35
Mercy South,MS 3W Med/Surg,MS30036864,07032332,WBC,40.4,2026-04-01 05:17:08,38
Mercy North,MN 4E Telemetry,MN30032781,07028766,Sodium,225,2026-03-30 06:40:26,NOT DOCUMENTED
Mercy South,MS ED,MS30036454,07031972,Troponin I,0.671,2026-03-29 18:45:31,34
Mercy North,MN 3W Med/Surg,MN30070873,07029673,Potassium,2.6,2026-03-29 07:41:03,53
Mercy North,MN 4E Telemetry,MN30035349,07031014,Hemoglobin,5.4,2026-03-29 05:49:03,38
Lakeside Regional,LR ED,LR30036299,07031840,Troponin I,0.799,2026-03-29 00:14:32,NOT DOCUMENTED
Mercy South,MS 3W Med/Surg,MS30035033,07030739,Hemoglobin,5.3,2026-03-28 05:45:27,33
Mercy South,MS ED,MS30035850,07003700,Lactate,5.9,2026-03-27 23:48:32,NOT DOCUMENTED
Lakeside Regional,LR ED,LR30035981,07031570,Potassium,7.3,2026-03-27 18:36:10,NOT DOCUMENTED
Mercy North,MN ED,MN30035700,07031324,Hemoglobin,6.7,2026-03-27 14:44:33,36
Mercy South,MS ED,MS30035826,07031434,Troponin I,0.537,2026-03-27 08:26:35,32
Mercy North,MN 4E Telemetry,MN30035349,07031014,Hemoglobin,5.8,2026-03-27 05:38:43,45
Lakeside Regional,LR ICU,LR30034355,07030144,Potassium,2.3,2026-03-26 09:47:07,NOT DOCUMENTED
Mercy North,MN 3W Med/Surg,MN30034109,07029932,Potassium,2.2,2026-03-25 08:25:11,NOT DOCUMENTED
Lakeside Regional,LR ED,LR30034828,07030560,Lactate,4.5,2026-03-24 12:56:04,55
Mercy North,MN 4E Telemetry,MN30034049,07029880,Sodium,109,2026-03-24 09:14:49,32
Mercy North,MN 4E Telemetry,MN30034049,07029880,Lactate,4.3,2026-03-24 09:13:28,33
Lakeside Regional,LR ICU,LR30034437,07030219,WBC,1.1,2026-03-24 05:11:11,31
Mercy North,MN 4E Telemetry,MN30033721,07029595,Hemoglobin,26.7,2026-03-23 06:17:36,36
Mercy South,MS ED,MS30033823,07029689,Lactate,4.6,2026-03-22 18:58:04,36
Mercy North,MN 4E Telemetry,MN30070788,07025838,Sodium,111,2026-03-21 05:54:00,50
Mercy South,MS ED,MS30033241,07029179,Troponin I,0.691,2026-03-20 16:30:58,NOT DOCUMENTED
Mercy South,MS ED,MS30032876,07028853,Lactate,5.4,2026-03-19 21:49:45,39
Lakeside Regional,LR ICU,LR30031803,07027903,Potassium,9.4,2026-03-19 09:04:37,30
Mercy North,MN ED,MN30031949,07028030,Hemoglobin,22.5,2026-03-17 19:16:18,33
Mercy North,MN 3W Med/Surg,MN30031892,07027977,Troponin I,0.764,2026-03-17 13:47:07,NOT DOCUMENTED
Mercy South,MS ED,MS30032078,07028145,WBC,1.2,2026-03-17 09:35:39,NOT DOCUMENTED
Mercy North,MN 3W Med/Surg,MN30031540,07027674,Potassium,2.4,2026-03-17 06:27:28,39
Mercy North,MN 4E Telemetry,MN30030991,07027203,Hemoglobin,6.8,2026-03-16 06:32:23,114
Mercy North,MN ED,MN30031519,07027655,Potassium,2.5,2026-03-16 01:32:05,42
Mercy North,MN ED,MN30031201,07027376,Potassium,2.2,2026-03-15 23:52:28,46
Mercy North,MN 4E Telemetry,MN30030217,07026530,Potassium,7.6,2026-03-15 07:31:06,NOT DOCUMENTED
Mercy North,MN ED,MN30031007,07027217,Troponin I,0.526,2026-03-14 13:32:43,36
Mercy North,MN 4E Telemetry,MN30030241,07026550,Potassium,9.2,2026-03-14 06:35:27,61
Mercy South,MS ED,MS30031065,07021607,Troponin I,0.637,2026-03-14 05:36:25,40
Lakeside Regional,LR 4E Telemetry,LR30029700,07026071,Sodium,228,2026-03-13 05:46:36,NOT DOCUMENTED
Mercy North,MN 3W Med/Surg,MN30029422,07025824,Sodium,111,2026-03-12 07:01:22,38
Mercy South,MS ED,MS30030310,07026609,Hemoglobin,28.5,2026-03-12 06:47:08,40
Mercy North,MN ED,MN30029805,07026160,WBC,39.4,2026-03-11 10:57:53,46
Lakeside Regional,LR 4E Telemetry,LR30028925,07009078,Potassium,7.8,2026-03-11 06:26:21,NOT DOCUMENTED
Mercy South,MS ICU,MS30028186,07024745,Hemoglobin,25.3,2026-03-10 08:57:10,NOT DOCUMENTED
Lakeside Regional,LR ED,LR30029276,07019473,Lactate,5.5,2026-03-09 16:12:24,NOT DOCUMENTED
Mercy North,MN ED,MN30028421,07024957,Troponin I,0.716,2026-03-07 14:27:23,NOT DOCUMENTED
Mercy South,MS 4E Telemetry,MS30027900,07017087,WBC,34.5,2026-03-07 07:10:19,30
Mercy North,MN 3W Med/Surg,MN30027296,07023949,Hemoglobin,5.5,2026-03-06 06:14:54,NOT DOCUMENTED
Lakeside Regional,LR ED,LR30027985,07024567,Troponin I,0.775,2026-03-06 01:06:38,51
Mercy North,MN 3W Med/Surg,MN30026929,07023629,Potassium,7.3,2026-03-05 06:38:54,NOT DOCUMENTED
Mercy South,MS 3W Med/Surg,MS30026701,07023424,Potassium,8.2,2026-03-05 05:48:45,NOT DOCUMENTED
Mercy South,MS 4E Telemetry,MS30026738,07023459,Potassium,2.6,2026-03-03 05:44:12,56
Lakeside Regional,LR ED,LR30071587,07013499,Hemoglobin,23.2,2026-03-02 18:20:55,44
Lakeside Regional,LR ICU,LR30026207,07022995,Lactate,4.4,2026-03-02 06:27:42,NOT DOCUMENTED
Mercy North,MN 4E Telemetry,MN30024870,07021817,Potassium,8.6,2026-03-01 06:37:27,NOT DOCUMENTED
Mercy South,MS ICU,MS30026142,07022945,Potassium,2.5,2026-03-01 05:25:46,32
Mercy North,MN 3W Med/Surg,MN30070625,07018852,Hemoglobin,23.2,2026-02-28 07:04:31,31
Mercy North,MN 3W Med/Surg,MN30025621,07010733,Potassium,9.7,2026-02-28 06:56:52,38
Lakeside Regional,LR ED,LR30025864,07022690,WBC,37.6,2026-02-27 18:09:33,35
Mercy South,MS ED,MS30070537,07015303,Hemoglobin,6.4,2026-02-27 15:51:07,NOT DOCUMENTED
Lakeside Regional,LR 3W Med/Surg,LR30023945,07021000,Hemoglobin,27.3,2026-02-27 15:11:54,NOT DOCUMENTED
Mercy North,MN 4E Telemetry,MN30024434,07021425,Hemoglobin,5.7,2026-02-27 06:15:34,49
Mercy North,MN ED,MN30024887,07021832,Troponin I,0.672,2026-02-26 03:48:00,39
Mercy South,MS ED,MS30024982,07021915,Potassium,2.7,2026-02-25 23:24:25,NOT DOCUMENTED
Lakeside Regional,LR ED,LR30025144,07022057,WBC,43.4,2026-02-25 10:33:54,NOT DOCUMENTED
Mercy North,MN ED,MN30024449,07021438,Hemoglobin,20.9,2026-02-24 21:11:43,NOT DOCUMENTED
Mercy North,MN ED,MN30024501,07021485,Lactate,4.3,2026-02-24 18:51:09,32
Mercy North,MN 4E Telemetry,MN30023090,07020263,Hemoglobin,5.8,2026-02-24 06:11:41,NOT DOCUMENTED
Mercy South,MS 4E Telemetry,MS30023908,07020969,Sodium,109,2026-02-24 06:08:42,34
Mercy South,MS 4E Telemetry,MS30070534,07015287,Potassium,2.3,2026-02-24 06:02:02,44
Mercy South,MS 3W Med/Surg,MS30023822,07020893,Potassium,2.5,2026-02-24 03:03:47,NOT DOCUMENTED
Mercy South,MS ED,MS30024126,07021155,Hemoglobin,27.5,2026-02-23 08:29:35,40
Mercy North,MN 3W Med/Surg,MN30023113,07020284,WBC,1.2,2026-02-23 06:37:54,83
Mercy South,MS 3W Med/Surg,MS30023234,07020386,Potassium,2.2,2026-02-23 06:18:54,34
Mercy North,MN 3W Med/Surg,MN30023492,07020613,Potassium,7.2,2026-02-22 17:23:19,NOT DOCUMENTED
Mercy South,MS 3W Med/Surg,MS30071565,07008342,Potassium,8.3,2026-02-22 13:04:29,NOT DOCUMENTED
Mercy South,MS 3W Med/Surg,MS30022796,07019997,Hemoglobin,5.8,2026-02-21 06:20:18,34
Mercy North,MN 4E Telemetry,MN30023140,07020306,WBC,40.2,2026-02-21 05:55:10,50
Mercy North,MN 4E Telemetry,MN30023140,07020306,Hemoglobin,29.8,2026-02-21 05:55:10,50
Mercy South,MS 4E Telemetry,MS30023222,07020377,Potassium,2.4,2026-02-21 05:16:36,36
Lakeside Regional,LR ED,LR30023358,07020499,Hemoglobin,26.3,2026-02-20 11:10:01,33
Mercy South,MS 3W Med/Surg,MS30022508,07019744,Potassium,9.8,2026-02-20 06:19:56,NOT DOCUMENTED
Mercy North,MN ED,MN30023119,07020288,Troponin I,0.572,2026-02-20 05:43:02,50
Lakeside Regional,LR ICU,LR30021791,07019116,Hemoglobin,27.5,2026-02-19 06:26:05,38
Mercy South,MS 3W Med/Surg,MS30070605,07018181,Hemoglobin,25.8,2026-02-19 05:22:34,35
Lakeside Regional,LR ICU,LR30070573,07016873,Lactate,4.9,2026-02-18 09:01:30,NOT DOCUMENTED
Mercy South,MS 4E Telemetry,MS30020304,07017815,Potassium,2.6,2026-02-18 06:18:31,30
Lakeside Regional,LR ED,LR30022225,07019490,Hemoglobin,6.4,2026-02-18 00:06:49,32
Mercy North,MN 3W Med/Surg,MN30021478,07018843,WBC,46.7,2026-02-17 22:40:25,NOT DOCUMENTED
Mercy North,MN 4E Telemetry,MN30020558,07018033,Sodium,109,2026-02-17 06:02:02,39
Mercy North,MN 3W Med/Surg,MN30020499,07017983,WBC,1.3,2026-02-17 06:01:22,NOT DOCUMENTED
Mercy South,MS ED,MS30021670,07019010,WBC,39.2,2026-02-16 19:15:49,66
Mercy North,MN 4E Telemetry,MN30070547,07015801,Troponin I,0.714,2026-02-16 17:21:03,NOT DOCUMENTED
Mercy North,MN ED,MN30021493,07018856,Lactate,5.5,2026-02-16 09:27:27,46
Lakeside Regional,LR 4E Telemetry,LR30020816,07018270,WBC,35.4,2026-02-16 06:09:48,NOT DOCUMENTED
Mercy South,MS ED,MS30021342,07018723,Troponin I,0.695,2026-02-16 00:09:21,NOT DOCUMENTED
Mercy North,MN 4E Telemetry,MN30020943,07007852,Troponin I,0.517,2026-02-15 14:48:51,33
Mercy South,MS 3W Med/Surg,MS30019564,07012259,Potassium,6.4,2026-02-15 05:44:46,NOT DOCUMENTED
Mercy South,MS ED,MS30021048,07018467,Troponin I,0.736,2026-02-14 09:47:25,52
Lakeside Regional,LR 4E Telemetry,LR30020410,07017906,WBC,38.2,2026-02-14 07:17:11,NOT DOCUMENTED
Mercy South,MS 4E Telemetry,MS30018518,07016233,Potassium,2.3,2026-02-14 06:26:48,43
Mercy South,MS 3W Med/Surg,MS30019116,07016767,WBC,43.8,2026-02-14 05:49:58,NOT DOCUMENTED
Mercy South,MS ICU,MS30070448,07012022,Potassium,8.7,2026-02-13 07:02:04,47
Mercy South,MS ED,MS30020327,07017835,Lactate,4.6,2026-02-12 18:17:52,NOT DOCUMENTED
Mercy South,MS ED,MS30070565,07016497,Lactate,5.9,2026-02-12 07:00:22,34
Mercy North,MN ED,MN30071556,07000315,Troponin I,0.615,2026-02-11 03:20:33,53
Mercy North,MN 3W Med/Surg,MN30018965,07011930,Potassium,6.8,2026-02-10 13:35:26,NOT DOCUMENTED
Mercy North,MN 3W Med/Surg,MN30018991,07016654,Potassium,6.8,2026-02-10 07:04:11,35
Lakeside Regional,LR ED,LR30019267,07016902,Potassium,2.5,2026-02-09 10:30:22,38
Mercy South,MS ED,MS30019073,07016727,Lactate,6.1,2026-02-09 08:07:54,82
Mercy North,MN 3W Med/Surg,MN30018365,07016098,Potassium,9.7,2026-02-08 06:11:34,NOT DOCUMENTED
Mercy North,MN ED,MN30018416,07016144,Hemoglobin,6.5,2026-02-07 19:35:52,33
Mercy South,MS ICU,MS30017761,07015581,Hemoglobin,21.3,2026-02-07 07:13:42,48
Mercy South,MS 3W Med/Surg,MS30018190,07015947,Potassium,9.9,2026-02-07 05:47:44,NOT DOCUMENTED
Lakeside Regional,LR ED,LR30018289,07016037,Lactate,4.4,2026-02-06 21:14:37,38
Mercy North,MN ED,MN30017976,07001291,Potassium,7.6,2026-02-06 11:50:37,NOT DOCUMENTED
Mercy North,MN 3W Med/Surg,MN30016789,07014745,Potassium,9.3,2026-02-05 04:45:52,NOT DOCUMENTED
Mercy North,MN ED,MN30016847,07014795,Lactate,5.1,2026-02-04 00:58:00,40
Mercy North,MN ED,MN30016783,07014739,Troponin I,0.570,2026-02-03 19:20:09,NOT DOCUMENTED
Mercy North,MN 4E Telemetry,MN30014994,07013168,Troponin I,0.732,2026-02-02 14:40:08,98
Mercy South,MS ED,MS30016562,07014542,Troponin I,0.696,2026-02-02 09:28:47,40
Mercy North,MN 4E Telemetry,MN30015917,07013972,WBC,1.2,2026-02-02 07:20:39,50
Mercy South,MS ED,MS30016234,07014254,Potassium,8.7,2026-02-01 14:41:19,35
Lakeside Regional,LR 3W Med/Surg,LR30015716,07008728,Sodium,104,2026-02-01 07:43:57,NOT DOCUMENTED
Mercy South,MS 3W Med/Surg,MS30016005,07014049,Hemoglobin,6.0,2026-02-01 06:54:06,45
Mercy North,MN ED,MN30016175,07014205,Potassium,8.4,2026-02-01 00:54:44,34
Mercy North,MN 4E Telemetry,MN30015096,07013258,WBC,43.2,2026-01-31 10:18:41,49
Mercy North,MN 3W Med/Surg,MN30014632,07000490,Hemoglobin,5.7,2026-01-29 07:14:52,35
Mercy North,MN ED,MN30014639,07012856,Sodium,111,2026-01-28 16:43:40,38
Mercy South,MS 3W Med/Surg,MS30013728,07012061,Potassium,2.3,2026-01-28 05:37:14,53
Mercy North,MN 4E Telemetry,MN30012497,07010967,Hemoglobin,28.9,2026-01-27 05:02:56,53
Mercy South,MS ED,MS30014023,07012317,Potassium,7.0,2026-01-26 20:21:11,33
Mercy South,MS ED,MS30014033,07012327,WBC,1.3,2026-01-26 11:44:06,NOT DOCUMENTED
Mercy South,MS 3W Med/Surg,MS30013401,07011775,Hemoglobin,27.5,2026-01-26 07:06:13,34
Mercy North,MN 4E Telemetry,MN30013547,07007565,Hemoglobin,22.0,2026-01-26 06:28:51,79
Mercy North,MN 4E Telemetry,MN30013301,07011687,WBC,43.5,2026-01-26 05:33:13,49
Mercy South,MS ICU,MS30012287,07010780,Hemoglobin,6.3,2026-01-26 05:32:08,50
Mercy North,MN ICU,MN30011372,07004823,Hemoglobin,31.0,2026-01-25 06:57:04,43
Mercy North,MN 4E Telemetry,MN30012496,07010966,Potassium,8.0,2026-01-24 06:45:07,37
Lakeside Regional,LR 3W Med/Surg,LR30012395,07010873,Potassium,2.3,2026-01-23 05:50:32,NOT DOCUMENTED
Mercy North,MN 4E Telemetry,MN30012149,07010659,Hemoglobin,21.3,2026-01-23 05:24:29,55
Lakeside Regional,LR 3W Med/Surg,LR30010679,07009367,Potassium,8.1,2026-01-22 06:10:59,NOT DOCUMENTED
Mercy North,MN 3W Med/Surg,MN30011780,07010331,Potassium,8.2,2026-01-22 05:25:27,33
Mercy North,MN 4E Telemetry,MN30012107,07010619,Sodium,94,2026-01-22 05:17:16,31
Mercy South,MS ED,MS30011969,07010493,Lactate,5.3,2026-01-20 12:48:34,30
Lakeside Regional,LR 4E Telemetry,LR30010722,07009406,Hemoglobin,29.8,2026-01-20 07:15:46,31
Lakeside Regional,LR ED,LR30011682,07010249,Potassium,7.6,2026-01-19 21:52:39,NOT DOCUMENTED
Mercy North,MN 3W Med/Surg,MN30010821,07009494,Potassium,2.4,2026-01-19 06:25:23,37
Mercy North,MN 3W Med/Surg,MN30010755,07009438,WBC,38.5,2026-01-19 06:24:22,32
Lakeside Regional,LR ED,LR30011255,07009876,Troponin I,0.702,2026-01-19 02:25:20,43
Lakeside Regional,LR 3W Med/Surg,LR30009609,07003434,Sodium,196,2026-01-17 16:27:18,NOT DOCUMENTED
Lakeside Regional,LR ED,LR30010332,07001218,Potassium,8.1,2026-01-15 20:14:20,NOT DOCUMENTED
Mercy North,MN ED,MN30010008,07008792,Lactate,6.2,2026-01-15 16:09:30,32
Mercy North,MN Outpatient Lab,MN30010119,07008889,Hemoglobin,27.8,2026-01-15 10:21:02,45
Mercy North,MN 4E Telemetry,MN30008298,07006329,Hemoglobin,28.6,2026-01-15 05:52:13,73
Mercy North,MN ED,MN30009652,07008485,WBC,1.2,2026-01-14 18:16:44,50
Mercy South,MS 3W Med/Surg,MS30008980,07007880,Sodium,100,2026-01-14 06:30:15,36
Lakeside Regional,LR 3W Med/Surg,LR30008812,07007736,Hemoglobin,31.4,2026-01-13 08:38:57,44
Lakeside Regional,LR ED,LR30009210,07008089,Troponin I,0.651,2026-01-12 13:52:36,NOT DOCUMENTED
Mercy South,MS ED,MS30008984,07007882,Hemoglobin,6.6,2026-01-12 12:49:22,33
Mercy North,MN 4E Telemetry,MN30007540,07000445,Hemoglobin,5.6,2026-01-12 06:42:05,64
Mercy North,MN 4E Telemetry,MN30006075,07005352,Hemoglobin,25.9,2026-01-12 04:55:57,46
Lakeside Regional,LR ED,LR30008568,07007524,Lactate,4.6,2026-01-11 01:12:00,52
Mercy North,MN 4E Telemetry,MN30007602,07006690,Troponin I,0.549,2026-01-11 00:35:36,34
Mercy North,MN 3W Med/Surg,MN30006143,07005411,Potassium,7.7,2026-01-10 06:46:29,NOT DOCUMENTED
Mercy South,MS 3W Med/Surg,MS30007769,07006830,Potassium,9.5,2026-01-10 06:19:01,53
Lakeside Regional,LR 3W Med/Surg,LR30007897,07006935,Sodium,111,2026-01-10 05:39:30,31
Mercy South,MS 4E Telemetry,MS30007255,07006383,WBC,38.9,2026-01-10 05:32:30,36
Mercy North,MN ED,MN30007548,07006644,Lactate,6.1,2026-01-08 22:06:51,35
Mercy South,MS 3W Med/Surg,MS30006477,07005705,Potassium,7.1,2026-01-08 05:42:59,NOT DOCUMENTED
Lakeside Regional,LR 3W Med/Surg,LR30006702,07005900,Potassium,2.7,2026-01-08 05:42:54,NOT DOCUMENTED
Mercy North,MN ED,MN30007559,07006654,Potassium,2.1,2026-01-08 01:51:06,NOT DOCUMENTED
Mercy South,MS ED,MS30007338,07006458,Potassium,9.5,2026-01-07 16:27:01,36
Mercy South,MS ED,MS30006937,07006102,Lactate,5.0,2026-01-06 17:26:59,57
Mercy North,MN 3W Med/Surg,MN30005863,07005167,WBC,47.0,2026-01-06 06:29:53,NOT DOCUMENTED
Lakeside Regional,LR 3W Med/Surg,LR30006336,07002898,Sodium,183,2026-01-06 06:17:36,NOT DOCUMENTED
Mercy South,MS 3W Med/Surg,MS30005969,07005260,Hemoglobin,5.4,2026-01-05 06:21:58,47
Mercy North,MN ED,MN30006160,07005427,Lactate,6.4,2026-01-04 23:02:30,31
Lakeside Regional,LR ED,LR30006272,07005527,Troponin I,0.622,2026-01-04 22:13:13,33
Mercy North,MN 4E Telemetry,MN30070183,07001231,Potassium,9.2,2026-01-04 07:11:49,33
Mercy North,MN ED,MN30005858,07005163,Potassium,6.9,2026-01-03 06:13:28,NOT DOCUMENTED
Mercy North,MN 4E Telemetry,MN30005085,07001937,Hemoglobin,6.6,2026-01-03 06:12:10,NOT DOCUMENTED
Mercy North,MN 4E Telemetry,MN30070183,07001231,Troponin I,0.581,2026-01-03 00:29:23,30
Lakeside Regional,LR 3W Med/Surg,LR30005357,07004736,Hemoglobin,6.7,2026-01-02 14:05:51,NOT DOCUMENTED
Mercy South,MS ED,MS30005635,07004974,WBC,1.2,2026-01-02 14:01:14,NOT DOCUMENTED
Mercy South,MS 3W Med/Surg,MS30004539,07004025,Sodium,102,2026-01-02 05:17:07,33
Mercy South,MS ED,MS30005260,07004649,Troponin I,0.714,2026-01-01 14:24:43,47
