facility,order_hour,stat_orders,pct_within_60
Lakeside Regional,0,707,78.2
Lakeside Regional,1,631,78.6
Lakeside Regional,2,534,74.9
Lakeside Regional,3,429,75.5
Lakeside Regional,4,364,79.7
Lakeside Regional,5,357,79.6
Lakeside Regional,6,515,76.5
Lakeside Regional,7,666,84.5
Lakeside Regional,8,978,84.7
Lakeside Regional,9,1240,83.1
Lakeside Regional,10,1498,86.1
Lakeside Regional,11,1428,83.5
Lakeside Regional,12,1757,83.7
Lakeside Regional,13,1551,82.8
Lakeside Regional,14,1515,84.8
Lakeside Regional,15,1542,85.1
Lakeside Regional,16,1606,84.2
Lakeside Regional,17,1461,81.9
Lakeside Regional,18,1576,85.3
Lakeside Regional,19,1561,77.0
Lakeside Regional,20,1390,77.3
Lakeside Regional,21,1305,76.0
Lakeside Regional,22,1229,76.4
Lakeside Regional,23,924,79.3
Mercy North,0,1158,82.0
Mercy North,1,831,85.6
Mercy North,2,644,83.9
Mercy North,3,569,84.4
Mercy North,4,469,83.6
Mercy North,5,585,83.4
Mercy North,6,699,80.5
Mercy North,7,995,88.0
Mercy North,8,1496,89.0
Mercy North,9,1768,89.7
Mercy North,10,2163,89.5
Mercy North,11,2245,89.4
Mercy North,12,2233,89.1
Mercy North,13,2275,89.5
Mercy North,14,2171,88.2
Mercy North,15,2156,90.1
Mercy North,16,2124,89.5
Mercy North,17,2352,87.9
Mercy North,18,2276,88.7
Mercy North,19,2174,82.7
Mercy North,20,1954,83.4
Mercy North,21,1840,83.3
Mercy North,22,1651,83.9
Mercy North,23,1333,82.4
Mercy South,0,1214,45.4
Mercy South,1,930,44.6
Mercy South,2,794,44.6
Mercy South,3,666,42.5
Mercy South,4,555,45.4
Mercy South,5,615,46.2
Mercy South,6,772,49.4
Mercy South,7,1117,86.0
Mercy South,8,1535,86.4
Mercy South,9,2033,86.1
Mercy South,10,2256,85.5
Mercy South,11,2568,85.4
Mercy South,12,2765,86.1
Mercy South,13,2607,85.7
Mercy South,14,2419,85.7
Mercy South,15,2405,87.2
Mercy South,16,2452,86.1
Mercy South,17,2413,85.7
Mercy South,18,2603,86.1
Mercy South,19,2434,43.1
Mercy South,20,2261,44.2
Mercy South,21,2031,42.6
Mercy South,22,1872,43.6
Mercy South,23,1440,43.8
